mode,car_time,avail_public_transport,avail_car,avail_cycle,avail_walk,avail_passenger,head_of_household,car_competition,has_car,female,central_zone,manual_worker,cycle_time,walk_time,transit_walk_time,cycle_non_linear,walk_non_linear,public_transport_time,public_transport_cost,car_cost
walk,336,1,1,1,1,1,1,0.5,1,0,1,0,384.0,1152.0,108.0,0.0,252.0,1412,75.9,64.0
car,510,1,1,1,1,1,1,1.0,1,0,1,0,648.0,1944.0,108.0,0.0,900.0,1276,75.9,108.0
walk,330,1,0,1,1,1,1,0.0,0,0,1,1,408.0,1224.0,216.0,0.0,324.0,1341,75.9,68.0
cycle,390,1,0,1,1,1,0,0.0,0,0,1,1,528.0,1584.0,216.0,0.0,684.0,1654,75.9,88.0
walk,0,1,1,1,1,1,1,0.3333333333333333,1,0,1,0,0.0,0.0,216.0,0.0,0.0,595,75.9,700.0
walk,0,1,1,1,1,1,0,0.3333333333333333,1,1,1,0,0.0,0.0,216.0,0.0,0.0,595,75.9,700.0
car,252,0,1,1,1,1,0,0.3333333333333333,1,0,1,0,96.0,288.0,216.0,0.0,0.0,141,75.9,541.0
walk,252,1,0,1,1,1,0,1.0,1,1,1,0,96.0,288.0,216.0,0.0,0.0,829,75.9,366.0
car,528,1,1,1,1,1,1,0.5,1,0,1,0,648.0,1944.0,72.0,0.0,900.0,2121,75.9,108.0
public_transport,648,1,0,1,1,1,1,0.0,0,0,1,0,1008.0,3024.0,36.0,108.0,900.0,1964,75.9,168.0
walk,270,1,1,1,1,1,1,0.5,1,0,1,0,168.0,504.0,36.0,0.0,0.0,603,75.9,378.0
cycle,402,1,1,1,1,1,1,0.5,1,0,1,0,456.0,1368.0,108.0,0.0,468.0,1603,75.9,76.0
car,336,1,1,1,1,1,1,1.0,1,0,1,0,384.0,1152.0,72.0,0.0,252.0,1412,75.9,64.0
car,492,1,1,1,1,1,1,0.5,1,0,1,0,840.0,2520.0,36.0,0.0,900.0,1842,75.9,140.0
public_transport,258,1,0,1,1,1,1,0.0,0,0,1,0,408.0,1224.0,72.0,0.0,324.0,1266,75.9,68.0
public_transport,378,1,1,1,1,1,1,1.0,1,0,1,0,312.0,936.0,72.0,0.0,36.0,1195,75.9,52.0
walk,0,0,1,1,1,1,0,0.5,1,0,1,0,0.0,0.0,36.0,0.0,0.0,284,75.9,700.0
walk,0,0,1,1,1,1,1,0.5,1,0,1,0,0.0,0.0,36.0,0.0,0.0,284,75.9,700.0
car,258,1,1,1,1,1,1,1.0,1,0,1,0,408.0,1224.0,36.0,0.0,324.0,1423,75.9,68.0
passenger,252,0,0,1,1,1,0,0.0,0,0,1,1,96.0,288.0,72.0,0.0,0.0,142,75.9,366.0
car,330,1,1,1,1,1,1,1.0,1,0,1,1,552.0,1656.0,72.0,0.0,756.0,2708,75.9,92.0
car,246,1,1,1,1,1,0,0.6666666666666666,1,1,1,0,504.0,1512.0,72.0,0.0,612.0,1068,75.9,84.0
cycle,168,1,0,1,1,1,0,0.6666666666666666,1,1,1,1,144.0,432.0,72.0,0.0,0.0,937,75.9,724.0
car,306,1,1,1,1,1,1,1.0,1,0,1,0,288.0,864.0,21.599999999999998,0.0,0.0,1441,75.9,48.0
public_transport,786,1,0,1,0,1,1,0.0,0,0,1,1,1464.0,4392.0,360.0,564.0,900.0,3900,75.9,244.0
car,396,1,1,1,1,1,1,0.5,1,0,1,0,600.0,1800.0,72.0,0.0,900.0,2540,75.9,100.0
passenger,396,1,1,1,1,1,0,0.5,1,1,1,0,600.0,1800.0,72.0,0.0,900.0,2540,75.9,100.0
car,492,1,1,1,1,1,1,1.0,1,0,1,0,1032.0,3096.0,72.0,132.0,900.0,3057,75.9,172.0
car,294,1,1,1,1,1,0,1.0,1,1,1,0,432.0,1296.0,144.0,0.0,396.0,1447,75.9,72.0
car,1200,1,1,1,1,1,0,0.6666666666666666,1,1,1,0,744.0,2232.0,72.0,0.0,900.0,1695,75.9,124.0
car,570,1,1,1,1,1,1,1.0,1,0,1,0,792.0,2376.0,72.0,0.0,900.0,1679,75.9,132.0
car,456,1,1,1,1,1,1,0.6666666666666666,1,0,1,0,624.0,1872.0,21.599999999999998,0.0,900.0,2070,75.9,104.0
walk,204,1,0,1,1,1,1,0.0,0,1,1,0,168.0,504.0,72.0,0.0,0.0,840,75.9,553.0
car,456,1,1,1,1,1,1,0.5,1,0,1,0,624.0,1872.0,21.599999999999998,0.0,900.0,2070,75.9,104.0
car,1140,1,1,1,1,1,1,1.0,1,0,1,0,696.0,2088.0,36.0,0.0,900.0,1518,75.9,116.0
walk,186,1,0,1,1,1,0,0.0,0,1,1,0,168.0,504.0,36.0,0.0,0.0,1112,75.9,728.0
passenger,186,1,1,1,1,1,0,0.5,1,1,1,0,168.0,504.0,72.0,0.0,0.0,1112,75.9,728.0
car,1224,1,1,1,1,1,1,1.0,1,1,1,0,744.0,2232.0,7.199999999999999,0.0,900.0,1695,75.9,124.0
car,186,1,1,1,1,1,1,1.0,1,0,1,0,144.0,432.0,72.0,0.0,0.0,768,75.9,24.0
walk,300,1,0,1,1,1,1,0.0,0,1,1,0,264.0,792.0,72.0,0.0,0.0,744,75.9,394.0
car,564,1,1,1,1,1,1,0.5,1,0,1,0,624.0,1872.0,72.0,0.0,900.0,1894,75.9,104.0
passenger,1152,1,1,1,1,1,0,0.5,1,0,1,1,768.0,2304.0,72.0,0.0,900.0,1894,75.9,128.0
public_transport,558,1,0,1,1,1,0,0.5,1,0,1,1,1008.0,3024.0,72.0,108.0,900.0,1752,75.9,168.0
car,630,1,1,1,1,1,1,0.5,1,0,1,0,1320.0,3960.0,36.0,420.0,900.0,2078,75.9,220.0
public_transport,456,1,1,1,1,1,1,1.0,1,0,1,0,960.0,2880.0,14.399999999999999,60.0,900.0,2024,75.9,160.0
walk,174,0,0,1,1,1,1,0.0,0,0,1,1,96.0,288.0,72.0,0.0,0.0,209,75.9,716.0
car,174,0,1,1,1,1,1,1.0,1,1,1,0,96.0,288.0,36.0,0.0,0.0,141,75.9,716.0
walk,126,1,0,1,1,1,0,1.0,1,1,1,0,120.0,360.0,36.0,0.0,0.0,858,75.9,20.0
car,558,1,1,1,1,1,1,0.5,1,0,0,1,888.0,2664.0,36.0,0.0,900.0,2316,75.9,148.0
car,330,1,1,1,1,1,1,1.0,1,0,0,0,576.0,1728.0,36.0,0.0,828.0,2195,75.9,96.0
car,1224,1,1,1,1,1,1,0.5,1,0,0,0,744.0,2232.0,144.0,0.0,900.0,2756,75.9,124.0
car,444,1,1,1,1,1,1,0.5,1,0,0,0,936.0,2808.0,36.0,36.0,900.0,2786,75.9,156.0
walk,186,1,0,1,1,1,0,0.0,0,1,1,1,144.0,432.0,14.399999999999999,0.0,0.0,768,75.9,24.0
public_transport,1224,1,0,1,1,1,1,0.0,0,1,1,0,744.0,2232.0,14.399999999999999,0.0,900.0,1518,75.9,124.0
walk,126,1,1,1,1,1,0,0.5,1,1,1,0,120.0,360.0,36.0,0.0,0.0,645,75.9,20.0
public_transport,420,1,0,1,1,1,0,1.0,1,1,1,0,1056.0,3168.0,72.0,156.0,900.0,2400,75.9,176.0
walk,174,0,1,1,1,1,1,0.5,1,0,1,0,96.0,288.0,72.0,0.0,0.0,141,75.9,716.0
walk,174,0,1,1,1,1,0,0.5,1,1,1,0,96.0,288.0,72.0,0.0,0.0,141,75.9,716.0
walk,0,0,1,1,1,1,0,0.5,1,1,1,0,0.0,0.0,36.0,0.0,0.0,142,75.9,525.0
walk,360,1,0,1,1,1,0,1.0,1,1,1,1,360.0,1080.0,36.0,0.0,180.0,1463,75.9,60.0
car,558,1,1,1,1,1,1,1.0,1,0,1,0,888.0,2664.0,36.0,0.0,900.0,2167,75.9,148.0
public_transport,396,1,0,1,1,1,0,1.0,1,1,1,0,744.0,2232.0,36.0,0.0,900.0,2008,75.9,124.0
walk,252,1,1,1,1,1,1,1.0,1,0,1,0,216.0,648.0,72.0,0.0,0.0,1092,75.9,36.0
public_transport,330,1,0,1,1,1,1,0.0,0,0,1,1,576.0,1728.0,432.0,0.0,828.0,1564,75.9,96.0
public_transport,414,1,0,1,1,1,0,0.0,0,1,1,0,504.0,1512.0,72.0,0.0,612.0,1907,75.9,84.0
walk,348,1,0,1,1,1,0,0.0,0,1,1,0,168.0,504.0,72.0,0.0,0.0,777,75.9,728.0
public_transport,1254,1,1,1,0,1,1,0.5,1,0,1,1,1728.0,5184.0,36.0,828.0,900.0,2220,75.9,288.0
walk,228,1,1,1,1,1,0,0.5,1,1,1,1,192.0,576.0,36.0,0.0,0.0,1983,75.9,32.0
car,348,1,1,1,1,1,0,1.0,1,1,1,0,168.0,504.0,36.0,0.0,0.0,836,75.9,728.0
walk,402,1,1,1,1,1,1,0.5,1,0,1,0,552.0,1656.0,72.0,0.0,756.0,2123,75.9,92.0
walk,378,1,1,1,1,1,0,0.5,1,1,1,0,288.0,864.0,72.0,0.0,0.0,997,75.9,573.0
public_transport,480,1,1,1,1,1,1,1.0,1,0,1,0,696.0,2088.0,72.0,0.0,900.0,2295,75.9,116.0
walk,228,1,0,1,1,1,1,0.0,0,1,1,0,240.0,720.0,7.199999999999999,0.0,0.0,866,75.9,215.0
walk,348,1,1,1,1,1,1,1.0,1,0,1,0,168.0,504.0,7.199999999999999,0.0,0.0,836,75.9,728.0
public_transport,666,1,0,1,1,1,0,1.0,1,1,1,0,912.0,2736.0,7.199999999999999,12.0,900.0,2259,75.9,152.0
car,636,1,1,1,0,1,1,0.5,1,0,1,1,1560.0,4680.0,72.0,660.0,900.0,4952,75.9,260.0
walk,378,1,1,1,1,1,0,0.5,1,1,1,0,360.0,1080.0,72.0,0.0,180.0,1277,75.9,60.0
walk,0,0,1,1,1,1,1,1.0,1,0,1,0,0.0,0.0,36.0,0.0,0.0,270,75.9,350.0
walk,228,0,0,1,1,1,1,0.0,0,0,1,0,192.0,576.0,36.0,0.0,0.0,270,75.9,382.0
car,240,0,1,1,1,1,1,1.0,1,0,0,0,192.0,576.0,72.0,0.0,0.0,181,75.9,557.0
passenger,354,1,0,1,1,1,0,1.0,1,1,0,0,576.0,1728.0,72.0,0.0,828.0,2363,75.9,96.0
public_transport,234,1,1,1,1,1,0,0.5,1,1,1,0,480.0,1440.0,36.0,0.0,540.0,1182,75.9,80.0
walk,0,1,1,1,1,1,1,0.5,1,0,1,0,0.0,0.0,36.0,0.0,0.0,1765,75.9,0.0
public_transport,1326,1,0,1,1,1,1,0.0,0,0,1,0,888.0,2664.0,36.0,0.0,900.0,1942,75.9,148.0
cycle,438,1,0,1,1,1,1,0.0,0,1,1,0,720.0,2160.0,108.0,0.0,900.0,1590,75.9,120.0
walk,0,1,1,1,1,1,1,1.0,1,0,0,0,0.0,0.0,108.0,0.0,0.0,937,75.9,350.0
car,264,1,1,1,1,1,1,0.5,1,0,0,0,408.0,1224.0,108.0,0.0,324.0,2381,75.9,68.0
walk,258,1,1,1,1,1,1,1.0,1,1,0,0,144.0,432.0,72.0,0.0,0.0,1280,75.9,724.0
walk,258,1,0,1,1,1,1,0.0,0,1,0,0,144.0,432.0,144.0,0.0,0.0,1280,75.9,724.0
public_transport,630,1,0,1,1,1,0,1.0,1,1,0,0,1176.0,3528.0,108.0,276.0,900.0,2813,75.9,196.0
cycle,540,1,0,1,1,1,1,0.0,0,1,0,1,912.0,2736.0,468.0,12.0,900.0,2811,75.9,152.0
passenger,276,1,0,1,1,1,1,0.0,0,1,1,0,480.0,1440.0,288.0,0.0,540.0,1249,75.9,80.0
cycle,258,1,1,1,1,1,1,0.5,1,0,1,1,456.0,1368.0,288.0,0.0,468.0,2825,75.9,76.0
cycle,258,1,1,1,1,1,0,0.5,1,1,1,1,144.0,432.0,288.0,0.0,0.0,1327,75.9,724.0
car,432,1,1,1,1,1,1,0.5,1,0,1,1,672.0,2016.0,288.0,0.0,900.0,3002,75.9,112.0
car,510,1,1,1,1,1,1,0.5,1,0,1,0,960.0,2880.0,288.0,60.0,900.0,3012,75.9,160.0
public_transport,312,1,1,1,1,1,1,1.0,1,1,1,0,552.0,1656.0,288.0,0.0,756.0,3087,75.9,92.0
car,1350,1,1,1,1,1,1,1.0,1,0,1,1,984.0,2952.0,288.0,84.0,900.0,1626,75.9,164.0
car,654,1,1,1,1,1,1,0.5,1,0,1,0,1272.0,3816.0,180.0,372.0,900.0,4009,75.9,212.0
walk,258,1,1,1,1,1,1,0.5,1,0,1,0,144.0,432.0,144.0,0.0,0.0,1327,75.9,724.0
walk,0,1,1,1,1,1,0,0.5,1,1,1,0,0.0,0.0,144.0,0.0,0.0,2758,75.9,0.0
cycle,324,1,1,1,1,1,1,0.6666666666666666,1,0,0,1,432.0,1296.0,216.0,0.0,396.0,2073,75.9,422.0
cycle,624,1,1,1,1,1,0,0.6666666666666666,1,1,0,0,1104.0,3312.0,144.0,204.0,900.0,2988,75.9,184.0
car,594,1,1,1,1,1,1,1.0,1,0,0,0,1056.0,3168.0,360.0,156.0,900.0,2942,75.9,176.0
walk,192,1,0,1,1,1,0,1.0,1,1,0,0,408.0,1224.0,144.0,0.0,324.0,855,75.9,68.0
cycle,342,1,0,1,1,1,0,1.0,1,0,0,1,816.0,2448.0,144.0,0.0,900.0,1691,75.9,136.0
car,444,1,1,1,1,1,1,1.0,1,0,0,1,864.0,2592.0,144.0,0.0,900.0,2697,75.9,144.0
walk,216,1,0,1,1,1,0,1.0,1,1,0,0,240.0,720.0,144.0,0.0,0.0,1199,75.9,740.0
car,0,0,1,1,1,1,1,1.0,1,0,0,0,0.0,0.0,144.0,0.0,0.0,550,75.9,0.0
car,216,1,1,1,1,1,0,1.0,1,1,0,0,240.0,720.0,144.0,0.0,0.0,1199,75.9,740.0
car,90,1,1,1,1,1,1,1.0,1,1,0,0,168.0,504.0,108.0,0.0,0.0,855,75.9,28.0
car,90,1,1,1,1,1,0,1.0,1,1,0,0,168.0,504.0,108.0,0.0,0.0,855,75.9,28.0
car,336,1,1,1,1,1,1,1.0,1,0,0,1,624.0,1872.0,72.0,0.0,900.0,2540,75.9,104.0
public_transport,642,1,0,1,1,1,1,0.0,0,1,0,0,1440.0,4320.0,36.0,540.0,900.0,3936,75.9,240.0
walk,192,1,1,1,1,1,1,1.0,1,1,0,0,408.0,1224.0,108.0,0.0,324.0,855,75.9,68.0
car,222,1,1,1,1,1,1,1.0,1,0,0,0,264.0,792.0,252.0,0.0,0.0,1199,75.9,744.0
cycle,222,1,1,1,1,1,1,1.0,1,1,0,0,264.0,792.0,108.0,0.0,0.0,1199,75.9,744.0
car,396,1,1,1,1,1,1,0.5,1,0,0,0,600.0,1800.0,180.0,0.0,900.0,1638,75.9,275.0
walk,222,1,1,1,1,1,0,1.0,1,1,0,0,264.0,792.0,108.0,0.0,0.0,1042,75.9,744.0
walk,318,1,1,1,1,1,1,0.5,1,0,0,0,336.0,1008.0,144.0,0.0,108.0,1300,75.9,406.0
car,1224,1,1,1,1,1,1,1.0,1,0,0,0,744.0,2232.0,108.0,0.0,900.0,2818,75.9,124.0
walk,84,0,1,1,1,1,1,1.0,1,0,0,1,120.0,360.0,36.0,0.0,0.0,550,75.9,20.0
passenger,1224,1,1,1,1,1,1,0.6666666666666666,1,0,0,0,744.0,2232.0,108.0,0.0,900.0,2673,75.9,124.0
cycle,120,1,0,1,1,1,1,0.0,0,1,0,0,240.0,720.0,288.0,0.0,0.0,855,75.9,40.0
walk,264,1,1,1,1,1,1,1.0,1,0,0,0,408.0,1224.0,36.0,0.0,324.0,2020,75.9,68.0
car,516,1,1,1,1,1,1,1.0,1,0,0,0,1200.0,3600.0,144.0,300.0,900.0,3319,75.9,200.0
cycle,396,1,1,1,1,1,1,0.5,1,0,0,0,600.0,1800.0,72.0,0.0,900.0,1638,75.9,275.0
walk,156,1,1,1,1,1,1,1.0,1,0,0,0,312.0,936.0,72.0,0.0,36.0,2029,75.9,52.0
car,282,1,1,1,1,1,1,1.0,1,0,0,1,456.0,1368.0,72.0,0.0,468.0,2529,75.9,76.0
walk,108,1,0,1,1,1,0,1.0,1,1,0,1,216.0,648.0,72.0,0.0,0.0,1150,75.9,36.0
car,258,1,1,1,1,1,1,1.0,1,0,0,0,408.0,1224.0,72.0,0.0,324.0,2529,75.9,68.0
walk,84,1,0,1,1,1,0,1.0,1,1,0,0,72.0,216.0,72.0,0.0,0.0,1046,75.9,12.0
car,60,1,1,1,1,1,1,1.0,1,0,0,0,144.0,432.0,72.0,0.0,0.0,1246,75.9,24.0
public_transport,102,1,0,1,1,1,0,1.0,1,1,0,0,216.0,648.0,72.0,0.0,0.0,815,75.9,36.0
public_transport,348,1,0,1,1,1,1,0.0,0,1,0,0,768.0,2304.0,36.0,0.0,900.0,2334,75.9,128.0
public_transport,330,1,0,1,1,1,1,1.0,1,0,0,1,456.0,1368.0,72.0,0.0,468.0,2060,75.9,251.0
car,600,1,1,1,1,1,0,1.0,1,0,0,1,288.0,864.0,72.0,0.0,0.0,1356,75.9,48.0
car,234,1,1,1,1,1,1,1.0,1,0,0,0,528.0,1584.0,72.0,0.0,684.0,2727,75.9,88.0
cycle,234,1,0,1,1,1,0,1.0,1,1,0,0,528.0,1584.0,72.0,0.0,684.0,2727,75.9,88.0
car,120,1,1,1,1,1,1,0.5,1,0,0,0,240.0,720.0,72.0,0.0,0.0,2029,75.9,40.0
cycle,150,1,1,1,1,1,1,0.5,1,0,0,1,312.0,936.0,36.0,0.0,36.0,1765,75.9,52.0
cycle,246,1,1,1,1,1,1,1.0,1,0,0,0,312.0,936.0,108.0,0.0,36.0,1636,75.9,577.0
cycle,216,1,1,1,1,1,1,0.5,1,0,0,0,552.0,1656.0,72.0,0.0,756.0,2794,75.9,92.0
public_transport,858,1,0,1,0,1,1,1.0,1,0,0,1,1944.0,5832.0,36.0,900.0,900.0,4300,75.9,324.0
cycle,330,1,1,1,1,1,0,1.0,1,1,0,0,768.0,2304.0,36.0,0.0,900.0,3145,75.9,128.0
walk,246,1,0,1,1,1,1,0.0,0,0,0,0,312.0,936.0,36.0,0.0,36.0,2129,75.9,577.0
cycle,366,1,1,1,1,1,1,1.0,1,0,0,1,528.0,1584.0,108.0,0.0,684.0,2195,75.9,438.0
walk,48,0,1,1,1,1,0,1.0,1,0,0,1,120.0,360.0,36.0,0.0,0.0,643,75.9,20.0
public_transport,378,1,0,1,1,1,0,1.0,1,1,0,0,696.0,2088.0,36.0,0.0,900.0,3061,75.9,291.0
cycle,390,1,0,1,1,1,0,1.0,1,1,0,0,624.0,1872.0,144.0,0.0,900.0,2334,75.9,279.0
walk,306,1,1,1,1,1,0,0.5,1,1,0,0,480.0,1440.0,72.0,0.0,540.0,2827,75.9,255.0
cycle,366,1,1,1,1,1,1,0.5,1,0,0,0,528.0,1584.0,72.0,0.0,684.0,1866,75.9,438.0
car,474,1,1,1,1,1,0,0.5,1,1,0,0,1224.0,3672.0,72.0,324.0,900.0,2003,75.9,204.0
car,210,1,1,1,1,1,1,1.0,1,0,0,0,456.0,1368.0,36.0,0.0,468.0,2089,75.9,76.0
public_transport,312,1,0,1,1,1,0,1.0,1,1,0,0,408.0,1224.0,36.0,0.0,324.0,1695,75.9,418.0
car,180,1,1,1,1,1,1,0.5,1,0,0,0,312.0,936.0,108.0,0.0,36.0,1464,75.9,52.0
car,558,1,1,1,1,1,1,0.5,1,0,0,1,888.0,2664.0,108.0,0.0,900.0,3639,75.9,148.0
walk,366,1,1,1,1,1,0,0.5,1,1,0,0,576.0,1728.0,108.0,0.0,828.0,2441,75.9,96.0
car,918,1,1,1,0,1,1,0.3333333333333333,1,0,0,0,2040.0,6120.0,72.0,900.0,900.0,7147,75.9,340.0
car,918,1,1,1,0,1,0,0.3333333333333333,1,1,0,1,2040.0,6120.0,72.0,900.0,900.0,7147,75.9,340.0
walk,0,0,1,1,1,1,1,1.0,1,1,0,1,0.0,0.0,36.0,0.0,0.0,771,75.9,0.0
cycle,240,1,1,1,1,1,1,0.5,1,0,0,0,576.0,1728.0,216.0,0.0,828.0,1410,75.9,96.0
cycle,0,0,1,1,1,1,0,0.5,1,1,0,0,0.0,0.0,216.0,0.0,0.0,643,75.9,0.0
walk,216,1,1,1,1,1,1,1.0,1,0,0,0,192.0,576.0,36.0,0.0,0.0,1086,75.9,732.0
car,354,1,1,1,1,1,1,0.5,1,0,0,0,576.0,1728.0,36.0,0.0,828.0,2427,75.9,96.0
walk,0,1,1,1,1,1,1,1.0,1,1,0,0,0.0,0.0,108.0,0.0,0.0,977,75.9,0.0
passenger,330,1,1,1,1,1,1,0.5,1,0,0,0,744.0,2232.0,36.0,0.0,900.0,2487,75.9,124.0
car,198,1,1,1,1,1,0,1.0,1,1,0,0,288.0,864.0,36.0,0.0,0.0,1172,75.9,223.0
walk,282,1,0,1,1,1,1,0.0,0,1,0,0,432.0,1296.0,72.0,0.0,396.0,1172,75.9,247.0
walk,174,1,1,1,1,1,1,1.0,1,1,0,0,120.0,360.0,72.0,0.0,0.0,977,75.9,20.0
walk,174,1,1,1,1,1,1,1.0,1,0,0,0,120.0,360.0,36.0,0.0,0.0,1238,75.9,370.0
public_transport,420,1,0,1,1,1,0,1.0,1,1,0,1,960.0,2880.0,36.0,60.0,900.0,3144,75.9,160.0
car,324,1,1,1,1,1,1,0.5,1,0,0,0,576.0,1728.0,36.0,0.0,828.0,1312,75.9,96.0
car,630,1,1,1,0,1,1,1.0,1,0,0,0,1632.0,4896.0,36.0,732.0,900.0,4383,75.9,272.0
car,90,0,1,1,1,1,1,1.0,1,0,0,0,168.0,504.0,36.0,0.0,0.0,157,75.9,28.0
car,684,1,1,1,0,1,1,1.0,1,0,0,0,1800.0,5400.0,36.0,900.0,900.0,4655,75.9,300.0
public_transport,228,1,1,1,1,1,0,0.5,1,1,0,0,288.0,864.0,72.0,0.0,0.0,2070,75.9,398.0
car,318,1,1,1,1,1,1,0.5,1,0,0,0,1008.0,3024.0,180.0,108.0,900.0,3885,75.9,168.0
public_transport,282,1,1,1,1,1,0,0.5,1,1,0,0,480.0,1440.0,180.0,0.0,540.0,2229,75.9,430.0
car,162,0,1,1,1,1,1,1.0,1,0,0,0,456.0,1368.0,72.0,0.0,468.0,526,75.9,76.0
car,270,1,1,1,1,1,0,1.0,1,1,0,0,360.0,1080.0,72.0,0.0,180.0,1626,75.9,760.0
car,312,1,1,1,1,1,1,1.0,1,0,0,1,744.0,2232.0,72.0,0.0,900.0,3049,75.9,124.0
cycle,168,1,0,1,1,1,0,1.0,1,1,0,0,336.0,1008.0,72.0,0.0,108.0,2125,75.9,231.0
walk,270,1,0,1,1,1,1,0.0,0,1,0,0,360.0,1080.0,36.0,0.0,180.0,1287,75.9,760.0
walk,282,1,1,1,1,1,1,0.5,1,0,0,0,480.0,1440.0,72.0,0.0,540.0,1517,75.9,430.0
car,228,0,1,1,1,1,1,1.0,1,0,0,0,432.0,1296.0,180.0,0.0,396.0,322,75.9,72.0
car,162,0,1,1,1,1,0,1.0,1,1,0,0,456.0,1368.0,180.0,0.0,468.0,322,75.9,76.0
walk,0,1,1,1,1,1,1,1.0,1,1,0,0,0.0,0.0,72.0,0.0,0.0,1224,75.9,0.0
car,228,1,1,1,1,1,1,1.0,1,0,0,0,288.0,864.0,108.0,0.0,0.0,1017,75.9,398.0
walk,228,1,0,1,1,1,0,1.0,1,1,0,0,288.0,864.0,108.0,0.0,0.0,1017,75.9,398.0
car,1068,1,1,1,0,1,1,0.5,1,0,0,0,1776.0,5328.0,36.0,876.0,900.0,3173,75.9,296.0
walk,366,1,1,1,1,1,0,0.5,1,1,0,0,528.0,1584.0,36.0,0.0,684.0,1517,75.9,438.0
cycle,1212,1,1,1,1,1,1,1.0,1,0,0,1,1032.0,3096.0,216.0,132.0,900.0,2983,75.9,172.0
cycle,126,1,1,1,1,1,1,1.0,1,0,0,0,264.0,792.0,36.0,0.0,0.0,1203,75.9,44.0
car,126,1,1,1,1,1,0,1.0,1,1,0,0,264.0,792.0,36.0,0.0,0.0,1203,75.9,44.0
passenger,222,1,0,1,1,1,0,1.0,1,1,0,0,336.0,1008.0,36.0,0.0,108.0,2312,75.9,231.0
walk,114,1,1,1,1,1,1,1.0,1,0,0,1,240.0,720.0,36.0,0.0,0.0,1086,75.9,40.0
walk,0,0,0,1,1,1,0,1.0,1,1,0,0,0.0,0.0,36.0,0.0,0.0,694,75.9,0.0
walk,294,1,0,1,1,1,1,1.0,1,0,0,0,336.0,1008.0,216.0,0.0,108.0,1287,75.9,756.0
walk,252,1,1,1,1,1,0,1.0,1,1,0,0,312.0,936.0,216.0,0.0,36.0,1153,75.9,577.0
car,528,1,1,1,1,1,1,1.0,1,1,0,0,1152.0,3456.0,216.0,252.0,900.0,2404,75.9,192.0
car,240,1,1,1,1,1,1,1.0,1,0,0,0,528.0,1584.0,72.0,0.0,684.0,1706,75.9,88.0
car,1050,1,1,1,1,1,0,1.0,1,1,0,0,816.0,2448.0,72.0,0.0,900.0,3144,75.9,136.0
car,726,1,1,1,0,1,1,1.0,1,0,0,0,1824.0,5472.0,72.0,900.0,900.0,2676,75.9,304.0
passenger,252,1,0,1,1,1,0,1.0,1,1,0,1,360.0,1080.0,72.0,0.0,180.0,1738,75.9,410.0
walk,138,1,1,1,1,1,1,1.0,1,1,0,0,216.0,648.0,36.0,0.0,0.0,1172,75.9,211.0
cycle,174,1,1,1,1,1,1,0.5,1,0,0,1,384.0,1152.0,108.0,0.0,252.0,1086,75.9,64.0
walk,252,0,1,1,1,1,0,0.5,1,1,0,0,312.0,936.0,108.0,0.0,36.0,694,75.9,52.0
car,696,1,1,1,0,1,1,1.0,1,0,0,0,1704.0,5112.0,108.0,804.0,900.0,4876,75.9,284.0
walk,0,0,0,1,1,1,1,0.0,0,1,0,0,0.0,0.0,72.0,0.0,0.0,694,75.9,0.0
walk,0,0,0,1,1,1,0,0.0,0,1,0,0,0.0,0.0,72.0,0.0,0.0,694,75.9,0.0
car,114,1,1,1,1,1,1,1.0,1,0,0,0,240.0,720.0,72.0,0.0,0.0,1086,75.9,40.0
walk,294,1,0,1,1,1,0,1.0,1,1,0,0,336.0,1008.0,72.0,0.0,108.0,1287,75.9,756.0
car,750,1,1,1,0,1,1,1.0,1,1,0,0,1824.0,5472.0,144.0,900.0,900.0,3057,75.9,304.0
car,276,1,1,1,1,1,0,0.5,1,1,0,0,408.0,1224.0,36.0,0.0,324.0,1883,75.9,68.0
walk,258,1,1,1,1,1,1,1.0,1,0,0,0,336.0,1008.0,72.0,0.0,108.0,1153,75.9,581.0
car,366,1,1,1,1,1,1,0.5,1,0,0,0,552.0,1656.0,36.0,0.0,756.0,2419,75.9,92.0
public_transport,144,1,0,1,1,1,1,0.0,0,1,0,0,216.0,648.0,36.0,0.0,0.0,1514,75.9,386.0
walk,96,0,1,1,1,1,1,1.0,1,0,0,0,192.0,576.0,36.0,0.0,0.0,596,75.9,32.0
walk,162,1,1,1,1,1,1,0.5,1,0,0,0,288.0,864.0,144.0,0.0,0.0,1006,75.9,48.0
walk,162,1,1,1,1,1,0,0.5,1,1,0,0,288.0,864.0,144.0,0.0,0.0,1006,75.9,48.0
car,354,1,1,1,1,1,1,1.0,1,1,0,0,672.0,2016.0,108.0,0.0,900.0,2527,75.9,112.0
car,204,1,1,1,1,1,1,1.0,1,0,0,0,312.0,936.0,36.0,0.0,36.0,937,75.9,402.0
walk,168,0,0,1,1,1,1,0.0,0,1,0,1,240.0,720.0,36.0,0.0,0.0,164,75.9,215.0
car,672,1,1,1,0,1,0,1.0,1,1,0,0,1800.0,5400.0,36.0,900.0,900.0,3042,75.9,300.0
car,360,1,1,1,1,1,1,1.0,1,0,0,0,936.0,2808.0,36.0,36.0,900.0,1921,75.9,156.0
walk,306,1,0,1,1,1,1,0.0,0,0,0,0,384.0,1152.0,36.0,0.0,252.0,1213,75.9,589.0
walk,168,0,1,1,1,1,0,0.5,1,1,0,0,240.0,720.0,72.0,0.0,0.0,172,75.9,40.0
car,312,1,1,1,1,1,1,1.0,1,0,0,1,744.0,2232.0,72.0,0.0,900.0,2466,75.9,124.0
car,90,1,1,1,1,1,0,1.0,1,1,0,0,168.0,504.0,72.0,0.0,0.0,1054,75.9,28.0
car,234,1,1,1,1,1,1,0.5,1,0,0,1,552.0,1656.0,36.0,0.0,756.0,1559,75.9,92.0
cycle,222,1,1,1,1,1,1,0.5,1,0,0,0,432.0,1296.0,216.0,0.0,396.0,2571,75.9,72.0
car,222,1,1,1,1,1,1,1.0,1,0,0,1,432.0,1296.0,108.0,0.0,396.0,3569,75.9,72.0
car,534,1,1,1,1,1,1,1.0,1,0,0,0,1152.0,3456.0,144.0,252.0,900.0,2454,75.9,192.0
car,222,1,1,1,1,1,1,1.0,1,1,0,0,432.0,1296.0,216.0,0.0,396.0,3569,75.9,72.0
car,42,0,1,1,1,1,0,1.0,1,1,0,0,96.0,288.0,72.0,0.0,0.0,567,75.9,191.0
public_transport,468,1,0,1,1,1,0,1.0,1,1,0,0,816.0,2448.0,252.0,0.0,900.0,2028,75.9,136.0
car,336,1,1,1,1,1,1,0.5,1,0,0,1,720.0,2160.0,108.0,0.0,900.0,2574,75.9,120.0
car,300,1,1,1,1,1,1,0.5,1,0,0,1,624.0,1872.0,324.0,0.0,900.0,2670,75.9,104.0
car,468,1,1,1,1,1,1,1.0,1,0,0,1,1176.0,3528.0,72.0,276.0,900.0,3793,75.9,196.0
passenger,468,1,0,1,1,1,0,1.0,1,1,0,1,1176.0,3528.0,72.0,276.0,900.0,3793,75.9,196.0
walk,114,1,1,1,1,1,1,1.0,1,0,0,0,168.0,504.0,108.0,0.0,0.0,1773,75.9,28.0
cycle,450,1,1,1,1,1,1,1.0,1,0,0,1,1008.0,3024.0,144.0,108.0,900.0,2389,75.9,168.0
cycle,330,1,0,1,1,1,1,0.0,0,1,0,0,504.0,1512.0,108.0,0.0,612.0,1871,75.9,84.0
passenger,330,1,0,1,1,1,0,0.0,0,0,0,1,504.0,1512.0,108.0,0.0,612.0,1871,75.9,84.0
walk,336,1,0,1,1,1,0,0.0,0,1,0,0,240.0,720.0,108.0,0.0,0.0,1104,75.9,740.0
cycle,336,1,1,1,1,1,1,1.0,1,0,0,0,240.0,720.0,108.0,0.0,0.0,1261,75.9,740.0
walk,126,1,0,1,1,1,0,1.0,1,1,0,0,120.0,360.0,108.0,0.0,0.0,1006,75.9,20.0
cycle,372,1,0,1,1,1,1,0.0,0,0,0,0,624.0,1872.0,72.0,0.0,900.0,2574,75.9,104.0
walk,42,0,0,1,1,1,1,0.0,0,1,0,0,96.0,288.0,108.0,0.0,0.0,576,75.9,191.0
passenger,948,1,0,1,1,1,0,1.0,1,0,0,1,528.0,1584.0,72.0,0.0,684.0,2832,75.9,88.0
walk,228,1,0,1,1,1,1,1.0,1,0,0,0,240.0,720.0,108.0,0.0,0.0,2151,75.9,215.0
walk,0,0,0,1,1,1,1,0.0,0,0,0,1,0.0,0.0,72.0,0.0,0.0,576,75.9,175.0
walk,300,1,0,1,1,1,0,0.0,0,1,0,0,312.0,936.0,72.0,0.0,36.0,889,75.9,402.0
cycle,378,1,0,1,1,1,1,0.0,0,0,0,0,888.0,2664.0,216.0,0.0,900.0,3041,75.9,323.0
car,468,1,1,1,1,1,1,0.5,1,1,0,0,408.0,1224.0,180.0,0.0,324.0,1633,75.9,593.0
walk,126,0,1,1,1,1,1,0.5,1,1,0,0,144.0,432.0,144.0,0.0,0.0,576,75.9,199.0
cycle,462,1,1,1,1,1,0,0.5,1,0,0,0,576.0,1728.0,144.0,0.0,828.0,2723,75.9,96.0
cycle,468,1,0,1,1,1,0,0.5,1,0,0,0,312.0,936.0,144.0,0.0,36.0,1056,75.9,752.0
walk,126,0,1,1,1,1,1,0.5,1,0,0,0,144.0,432.0,144.0,0.0,0.0,576,75.9,199.0
walk,126,0,1,1,1,1,0,0.5,1,1,0,0,144.0,432.0,144.0,0.0,0.0,395,75.9,24.0
car,282,0,1,1,1,1,1,1.0,1,0,0,0,384.0,1152.0,108.0,0.0,252.0,395,75.9,64.0
walk,0,1,1,1,1,1,1,0.3333333333333333,1,0,0,0,0.0,0.0,144.0,0.0,0.0,730,75.9,0.0
public_transport,624,1,0,1,1,1,1,0.0,0,1,0,0,1320.0,3960.0,72.0,420.0,900.0,3793,75.9,220.0
cycle,258,1,1,1,1,1,1,0.6666666666666666,1,0,0,0,240.0,720.0,72.0,0.0,0.0,2520,75.9,40.0
cycle,516,1,1,1,1,1,0,0.6666666666666666,1,1,0,0,744.0,2232.0,72.0,0.0,900.0,2028,75.9,124.0
car,258,1,1,1,1,1,0,0.6666666666666666,1,0,0,0,240.0,720.0,72.0,0.0,0.0,2520,75.9,40.0
cycle,570,1,0,1,1,1,0,1.0,1,0,0,1,1152.0,3456.0,360.0,252.0,900.0,2524,75.9,192.0
car,468,1,1,1,1,1,1,1.0,1,0,0,0,408.0,1224.0,108.0,0.0,324.0,1606,75.9,418.0
passenger,468,1,1,1,1,1,0,1.0,1,1,0,0,408.0,1224.0,108.0,0.0,324.0,1606,75.9,418.0
cycle,258,1,1,1,1,1,1,1.0,1,0,0,1,240.0,720.0,288.0,0.0,0.0,1519,75.9,40.0
walk,300,1,1,1,1,1,1,1.0,1,0,0,0,312.0,936.0,144.0,0.0,36.0,1523,75.9,402.0
cycle,282,1,1,1,1,1,1,0.5,1,0,0,1,456.0,1368.0,180.0,0.0,468.0,2258,75.9,76.0
walk,0,1,1,1,1,1,1,0.5,1,0,0,1,0.0,0.0,108.0,0.0,0.0,747,75.9,175.0
car,462,1,1,1,1,1,0,0.5,1,1,0,0,480.0,1440.0,108.0,0.0,540.0,2353,75.9,80.0
car,1254,1,1,1,0,1,1,0.5,1,0,0,1,1776.0,5328.0,216.0,876.0,900.0,2956,75.9,296.0
car,690,1,1,1,0,1,1,1.0,1,1,0,0,1752.0,5256.0,129.6,852.0,900.0,2994,75.9,292.0
walk,174,0,1,1,1,1,1,1.0,1,0,0,1,168.0,504.0,36.0,0.0,0.0,395,75.9,28.0
car,216,1,1,1,1,1,0,0.6666666666666666,1,1,0,0,528.0,1584.0,108.0,0.0,684.0,2812,75.9,88.0
car,1332,1,1,1,1,1,1,1.0,1,0,0,0,1176.0,3528.0,180.0,276.0,900.0,3143,75.9,196.0
car,1332,1,1,1,1,1,0,1.0,1,1,0,0,1176.0,3528.0,180.0,276.0,900.0,3143,75.9,196.0
car,252,1,1,1,1,1,1,1.0,1,0,0,0,600.0,1800.0,144.0,0.0,900.0,3455,75.9,100.0
car,582,1,1,1,0,1,0,1.0,1,1,0,0,1896.0,5688.0,144.0,900.0,900.0,6963,75.9,316.0
car,252,1,1,1,1,1,1,1.0,1,0,0,0,600.0,1800.0,72.0,0.0,900.0,3455,75.9,100.0
walk,0,1,1,1,1,1,0,1.0,1,1,0,0,0.0,0.0,72.0,0.0,0.0,1654,75.9,0.0
car,54,1,1,1,1,1,1,0.5,1,0,0,0,120.0,360.0,108.0,0.0,0.0,1654,75.9,20.0
public_transport,336,1,1,1,1,1,0,0.5,1,1,0,0,480.0,1440.0,108.0,0.0,540.0,2219,75.9,430.0
cycle,162,1,1,1,1,1,1,1.0,1,0,0,1,408.0,1224.0,144.0,0.0,324.0,2377,75.9,68.0
car,366,1,1,1,1,1,1,1.0,1,1,0,0,768.0,2304.0,72.0,0.0,900.0,2730,75.9,128.0
car,168,1,1,1,1,1,1,1.0,1,0,0,0,336.0,1008.0,72.0,0.0,108.0,1999,75.9,56.0
walk,0,0,1,1,1,1,0,1.0,1,1,0,0,0.0,0.0,72.0,0.0,0.0,663,75.9,0.0
car,168,1,1,1,1,1,0,1.0,1,1,0,0,336.0,1008.0,108.0,0.0,108.0,1999,75.9,56.0
car,570,1,1,1,0,1,1,0.5,1,0,0,0,1464.0,4392.0,108.0,564.0,900.0,3817,75.9,244.0
car,240,1,1,1,1,1,1,0.5,1,0,0,1,624.0,1872.0,108.0,0.0,900.0,1374,75.9,104.0
public_transport,168,1,0,1,1,1,0,0.5,1,1,0,0,336.0,1008.0,108.0,0.0,108.0,1526,75.9,406.0
car,342,1,1,1,1,1,1,1.0,1,0,0,1,960.0,2880.0,216.0,60.0,900.0,1520,75.9,160.0
car,234,1,1,1,1,1,1,1.0,1,0,0,0,408.0,1224.0,72.0,0.0,324.0,1514,75.9,418.0
walk,162,1,1,1,1,1,0,1.0,1,1,0,0,360.0,1080.0,72.0,0.0,180.0,1346,75.9,60.0
car,342,1,1,1,1,1,1,1.0,1,0,0,0,864.0,2592.0,72.0,0.0,900.0,1779,75.9,144.0
cycle,252,1,1,1,1,1,1,0.5,1,0,0,0,600.0,1800.0,72.0,0.0,900.0,3569,75.9,100.0
car,204,1,1,1,1,1,0,0.5,1,1,0,0,504.0,1512.0,72.0,0.0,612.0,2387,75.9,84.0
car,468,1,1,1,1,1,1,1.0,1,0,0,1,648.0,1944.0,36.0,0.0,900.0,1290,75.9,808.0
car,534,1,1,1,1,1,1,1.0,1,0,0,0,1440.0,4320.0,108.0,540.0,900.0,3549,75.9,240.0
cycle,186,1,0,1,1,1,1,0.0,0,0,0,1,504.0,1512.0,144.0,0.0,612.0,1959,75.9,84.0
cycle,528,1,0,1,1,1,1,0.0,0,1,0,1,1056.0,3168.0,144.0,156.0,900.0,2713,75.9,176.0
public_transport,342,1,1,1,1,1,1,0.5,1,0,0,0,600.0,1800.0,72.0,0.0,900.0,1353,75.9,450.0
car,246,1,1,1,1,1,0,0.5,1,1,0,0,528.0,1584.0,72.0,0.0,684.0,1957,75.9,88.0
cycle,246,1,0,1,1,1,0,0.5,1,1,0,1,744.0,2232.0,144.0,0.0,900.0,1065,75.9,124.0
cycle,210,1,1,1,1,1,1,1.0,1,0,0,1,504.0,1512.0,36.0,0.0,612.0,2112,75.9,84.0
walk,96,1,0,1,1,1,1,0.0,0,0,0,1,240.0,720.0,108.0,0.0,0.0,945,75.9,40.0
walk,0,0,0,1,1,1,0,0.0,0,1,0,0,0.0,0.0,108.0,0.0,0.0,663,75.9,0.0
walk,54,1,0,1,1,1,0,0.0,0,0,0,1,120.0,360.0,108.0,0.0,0.0,1654,75.9,20.0
walk,138,0,0,1,1,1,0,1.0,1,1,0,1,360.0,1080.0,72.0,0.0,180.0,253,75.9,60.0
car,492,1,1,1,0,1,0,1.0,1,0,0,0,1752.0,5256.0,288.0,852.0,900.0,2978,75.9,467.0
walk,0,0,1,1,1,1,0,0.5,1,1,0,0,0.0,0.0,144.0,0.0,0.0,590,75.9,0.0
car,492,1,1,1,0,1,1,1.0,1,0,0,0,1752.0,5256.0,432.0,852.0,900.0,2978,75.9,467.0
car,0,0,1,1,1,1,1,0.5,1,0,0,0,0.0,0.0,360.0,0.0,0.0,590,75.9,0.0
car,0,0,1,1,1,1,0,0.5,1,1,0,0,0.0,0.0,360.0,0.0,0.0,590,75.9,0.0
public_transport,396,1,1,1,0,1,0,0.5,1,1,0,0,1560.0,4680.0,360.0,660.0,900.0,3556,75.9,260.0
passenger,0,0,0,1,1,1,0,1.0,1,1,0,0,0.0,0.0,144.0,0.0,0.0,590,75.9,0.0
car,0,0,1,1,1,1,0,1.0,1,0,0,0,0.0,0.0,144.0,0.0,0.0,590,75.9,0.0
walk,0,1,0,1,1,1,0,1.0,1,1,0,0,0.0,0.0,144.0,0.0,0.0,1187,75.9,0.0
car,798,1,1,1,0,1,1,1.0,1,0,0,0,2616.0,7848.0,36.0,900.0,900.0,4630,75.9,436.0
public_transport,564,1,0,1,0,1,0,1.0,1,1,0,0,1560.0,4680.0,144.0,660.0,900.0,2112,75.9,610.0
car,678,1,1,1,0,1,0,1.0,1,1,0,0,1824.0,5472.0,144.0,900.0,900.0,3091,75.9,304.0
car,1002,1,1,1,0,1,1,0.5,1,0,0,0,2952.0,8856.0,144.0,900.0,900.0,4570,75.9,492.0
walk,0,0,1,1,1,1,1,0.5,1,0,0,1,0.0,0.0,72.0,0.0,0.0,933,75.9,0.0
public_transport,684,1,0,1,0,1,0,1.0,1,1,0,0,2376.0,7128.0,288.0,900.0,900.0,4091,75.9,396.0
walk,0,0,0,1,1,1,0,1.0,1,1,0,1,0.0,0.0,36.0,0.0,0.0,933,75.9,0.0
cycle,0,0,0,1,1,1,1,0.5,1,1,0,0,0.0,0.0,72.0,0.0,0.0,933,75.9,0.0
car,618,1,1,1,0,1,0,0.5,1,1,0,0,1656.0,4968.0,72.0,756.0,900.0,3091,75.9,276.0
car,312,1,1,1,1,1,1,1.0,1,0,0,0,864.0,2592.0,72.0,0.0,900.0,1785,75.9,144.0
car,516,1,1,1,0,1,0,1.0,1,1,0,0,1800.0,5400.0,72.0,900.0,900.0,3294,75.9,300.0
walk,0,0,0,1,1,1,1,0.0,0,1,0,1,0.0,0.0,36.0,0.0,0.0,933,75.9,0.0
car,696,1,1,1,0,1,1,1.0,1,0,0,0,1584.0,4752.0,36.0,684.0,900.0,2279,75.9,964.0
cycle,0,0,1,1,1,1,0,1.0,1,1,0,0,0.0,0.0,36.0,0.0,0.0,590,75.9,0.0
car,870,1,1,1,0,1,1,1.0,1,0,0,1,2184.0,6552.0,360.0,900.0,900.0,3690,75.9,364.0
car,798,1,1,1,0,1,1,1.0,1,0,0,1,2616.0,7848.0,72.0,900.0,900.0,4403,75.9,436.0
public_transport,696,1,1,1,0,1,1,0.5,1,0,0,0,1584.0,4752.0,144.0,684.0,900.0,1878,75.9,964.0
cycle,0,1,0,1,1,1,1,0.0,0,1,0,0,0.0,0.0,144.0,0.0,0.0,1167,75.9,0.0
car,0,1,1,1,1,1,1,1.0,1,1,0,0,0.0,0.0,144.0,0.0,0.0,1167,75.9,0.0
car,0,1,1,1,1,1,1,0.5,1,0,0,0,0.0,0.0,360.0,0.0,0.0,1167,75.9,0.0
car,0,1,1,1,1,1,0,0.5,1,1,0,0,0.0,0.0,360.0,0.0,0.0,1167,75.9,0.0
car,396,1,1,1,0,1,1,1.0,1,0,0,1,1560.0,4680.0,432.0,660.0,900.0,3155,75.9,260.0
car,870,1,1,1,0,1,0,1.0,1,1,0,0,2232.0,6696.0,432.0,900.0,900.0,3492,75.9,372.0
car,246,1,1,1,1,1,1,1.0,1,0,0,0,744.0,2232.0,504.0,0.0,900.0,5203,75.9,124.0
public_transport,486,1,0,1,1,1,1,0.0,0,1,0,0,912.0,2736.0,72.0,12.0,900.0,1280,75.9,852.0
cycle,534,1,0,1,1,1,0,0.0,0,1,0,0,1056.0,3168.0,72.0,156.0,900.0,2092,75.9,176.0
car,786,1,1,1,1,1,0,1.0,1,1,0,0,1248.0,3744.0,144.0,348.0,900.0,3647,75.9,208.0
car,582,1,1,1,1,1,1,1.0,1,0,0,0,1296.0,3888.0,72.0,396.0,900.0,2766,75.9,216.0
car,582,1,1,1,1,1,0,1.0,1,1,0,0,1296.0,3888.0,72.0,396.0,900.0,2766,75.9,216.0
cycle,0,1,1,1,1,1,1,0.5,1,0,0,0,0.0,0.0,72.0,0.0,0.0,1098,75.9,0.0
passenger,654,1,0,1,0,1,1,0.0,0,0,0,1,1488.0,4464.0,108.0,588.0,900.0,3553,75.9,248.0
car,450,1,1,1,1,1,1,1.0,1,0,0,0,744.0,2232.0,180.0,0.0,900.0,3014,75.9,124.0
car,528,1,1,1,1,1,0,1.0,1,0,0,0,912.0,2736.0,180.0,12.0,900.0,3014,75.9,152.0
car,0,1,1,1,1,1,0,1.0,1,1,0,0,0.0,0.0,108.0,0.0,0.0,2485,75.9,0.0
car,516,1,1,1,1,1,1,1.0,1,0,0,0,840.0,2520.0,648.0,0.0,900.0,2833,75.9,315.0
passenger,318,1,1,1,1,1,1,1.0,1,0,0,1,504.0,1512.0,108.0,0.0,612.0,1651,75.9,784.0
car,102,1,1,1,1,1,1,1.0,1,1,0,0,264.0,792.0,216.0,0.0,0.0,2485,75.9,44.0
car,990,1,1,1,0,1,1,1.0,1,0,0,0,1776.0,5328.0,144.0,876.0,900.0,3813,75.9,296.0
public_transport,366,1,0,1,1,1,1,0.0,0,1,0,0,552.0,1656.0,144.0,0.0,756.0,1808,75.9,792.0
car,108,1,1,1,1,1,1,1.0,1,0,0,0,288.0,864.0,144.0,0.0,0.0,1907,75.9,48.0
car,102,1,1,1,1,1,0,1.0,1,1,0,0,264.0,792.0,144.0,0.0,0.0,2485,75.9,44.0
car,516,1,1,1,1,1,1,1.0,1,0,0,1,840.0,2520.0,144.0,0.0,900.0,2833,75.9,315.0
car,1428,1,1,1,1,1,0,1.0,1,1,0,0,1152.0,3456.0,36.0,252.0,900.0,3427,75.9,192.0
cycle,318,1,1,1,1,1,1,1.0,1,0,0,1,408.0,1224.0,144.0,0.0,324.0,2216,75.9,68.0
car,852,1,1,1,0,1,1,1.0,1,0,0,0,1584.0,4752.0,36.0,684.0,900.0,4009,75.9,264.0
car,510,1,1,1,1,1,1,1.0,1,0,0,0,696.0,2088.0,72.0,0.0,900.0,2558,75.9,291.0
car,696,1,1,1,1,1,0,1.0,1,0,0,0,1008.0,3024.0,72.0,108.0,900.0,2984,75.9,168.0
car,510,1,1,1,1,1,1,0.5,1,0,0,0,792.0,2376.0,144.0,0.0,900.0,2268,75.9,132.0
cycle,0,1,0,1,1,1,1,0.0,0,1,0,0,0.0,0.0,72.0,0.0,0.0,1725,75.9,0.0
cycle,576,1,1,1,1,1,1,0.5,1,0,0,1,816.0,2448.0,36.0,0.0,900.0,2815,75.9,311.0
walk,0,1,1,1,1,1,0,0.5,1,1,0,0,0.0,0.0,36.0,0.0,0.0,1725,75.9,0.0
walk,0,1,1,1,1,1,1,1.0,1,1,0,0,0.0,0.0,216.0,0.0,0.0,1725,75.9,0.0
walk,0,1,1,1,1,1,1,1.0,1,0,0,0,0.0,0.0,360.0,0.0,0.0,1725,75.9,0.0
car,0,1,1,1,1,1,1,1.0,1,1,0,0,0.0,0.0,288.0,0.0,0.0,1725,75.9,0.0
walk,0,1,0,1,1,1,0,1.0,1,1,0,0,0.0,0.0,288.0,0.0,0.0,1725,75.9,0.0
passenger,426,1,1,1,1,1,1,0.6666666666666666,1,0,0,0,576.0,1728.0,180.0,0.0,828.0,2217,75.9,96.0
cycle,1008,1,1,1,1,1,0,0.6666666666666666,1,1,0,0,768.0,2304.0,180.0,0.0,900.0,2933,75.9,128.0
car,1386,1,1,1,1,1,1,0.5,1,0,0,0,912.0,2736.0,108.0,12.0,900.0,2704,75.9,152.0
car,384,1,1,1,1,1,1,1.0,1,1,0,0,408.0,1224.0,396.0,0.0,324.0,1468,75.9,768.0
walk,0,0,1,1,1,1,0,0.5,1,1,0,0,0.0,0.0,216.0,0.0,0.0,525,75.9,0.0
walk,0,0,1,1,1,1,1,1.0,1,1,0,0,0.0,0.0,216.0,0.0,0.0,328,75.9,0.0
car,288,1,1,1,1,1,1,0.3333333333333333,1,0,0,1,336.0,1008.0,360.0,0.0,108.0,1633,75.9,756.0
walk,0,0,1,1,1,1,0,0.5,1,1,0,0,0.0,0.0,216.0,0.0,0.0,525,75.9,0.0
cycle,0,1,0,1,1,1,0,0.5,1,1,0,0,0.0,0.0,216.0,0.0,0.0,1725,75.9,0.0
walk,102,1,0,1,1,1,1,0.0,0,1,0,0,264.0,792.0,36.0,0.0,0.0,2485,75.9,44.0
car,558,1,1,1,1,1,0,0.5,1,1,0,0,864.0,2592.0,108.0,0.0,900.0,3014,75.9,144.0
cycle,630,1,0,1,1,1,1,0.0,0,0,0,1,1104.0,3312.0,72.0,204.0,900.0,3336,75.9,184.0
cycle,516,1,1,1,1,1,1,0.5,1,0,0,0,840.0,2520.0,216.0,0.0,900.0,2898,75.9,315.0
car,654,1,1,1,1,1,0,0.5,1,1,0,0,1176.0,3528.0,216.0,276.0,900.0,3084,75.9,196.0
car,1614,1,1,1,0,1,1,0.5,1,0,0,0,2520.0,7560.0,216.0,900.0,900.0,4337,75.9,420.0
cycle,366,1,0,1,1,1,0,0.5,1,1,0,0,552.0,1656.0,216.0,0.0,756.0,1808,75.9,792.0
car,516,1,1,1,1,1,1,1.0,1,0,0,0,984.0,2952.0,288.0,84.0,900.0,3411,75.9,164.0
car,366,1,1,1,1,1,0,1.0,1,1,0,0,552.0,1656.0,288.0,0.0,756.0,1651,75.9,792.0
passenger,486,1,1,1,0,1,0,1.0,1,1,0,0,1488.0,4464.0,36.0,588.0,900.0,3784,75.9,248.0
car,144,1,1,1,1,1,0,0.5,1,1,0,0,408.0,1224.0,144.0,0.0,324.0,1760,75.9,68.0
car,372,1,1,1,1,1,1,1.0,1,0,0,0,720.0,2160.0,108.0,0.0,900.0,1790,75.9,820.0
cycle,708,1,1,1,0,1,1,0.5,1,0,0,0,2280.0,6840.0,108.0,900.0,900.0,4054,75.9,380.0
car,318,1,1,1,1,1,1,1.0,1,0,0,0,936.0,2808.0,144.0,36.0,900.0,2570,75.9,156.0
car,552,1,1,1,1,1,0,1.0,1,1,0,0,1320.0,3960.0,144.0,420.0,900.0,3066,75.9,220.0
car,516,1,1,1,1,1,0,1.0,1,1,0,0,1368.0,4104.0,108.0,468.0,900.0,3594,75.9,228.0
public_transport,540,1,1,1,1,1,0,1.0,1,0,0,0,1104.0,3312.0,108.0,204.0,900.0,2269,75.9,184.0
car,144,1,1,1,1,1,1,1.0,1,0,0,0,408.0,1224.0,144.0,0.0,324.0,1725,75.9,68.0
car,468,1,1,1,0,1,1,1.0,1,0,0,0,1848.0,5544.0,108.0,900.0,900.0,2656,75.9,308.0
car,510,1,1,1,1,1,1,1.0,1,0,0,1,1344.0,4032.0,180.0,444.0,900.0,3921,75.9,224.0
car,600,1,1,1,1,1,1,1.0,1,0,0,0,1200.0,3600.0,108.0,300.0,900.0,2858,75.9,200.0
public_transport,366,1,1,1,1,1,0,0.5,1,1,0,0,792.0,2376.0,144.0,0.0,900.0,2210,75.9,657.0
public_transport,540,1,1,1,1,1,1,0.5,1,0,0,0,1104.0,3312.0,108.0,204.0,900.0,3691,75.9,184.0
walk,0,0,1,1,1,1,0,0.5,1,1,0,0,0.0,0.0,108.0,0.0,0.0,853,75.9,0.0
car,144,1,1,1,1,1,1,0.3333333333333333,1,0,0,0,408.0,1224.0,504.0,0.0,324.0,2148,75.9,68.0
public_transport,462,1,1,1,1,1,0,0.3333333333333333,1,1,0,0,1416.0,4248.0,504.0,516.0,900.0,3878,75.9,236.0
car,180,1,1,1,1,1,1,0.5,1,0,0,1,552.0,1656.0,144.0,0.0,756.0,1760,75.9,92.0
car,498,1,1,1,1,1,1,1.0,1,0,0,1,1128.0,3384.0,36.0,228.0,900.0,3545,75.9,188.0
car,240,1,1,1,1,1,0,1.0,1,1,0,0,744.0,2232.0,72.0,0.0,900.0,2817,75.9,124.0
car,270,1,1,1,1,1,1,1.0,1,0,0,0,840.0,2520.0,72.0,0.0,900.0,3258,75.9,140.0
cycle,180,1,0,1,1,1,1,0.0,0,1,0,0,552.0,1656.0,72.0,0.0,756.0,2148,75.9,92.0
car,1356,1,1,1,0,1,1,1.0,1,0,0,0,2520.0,7560.0,72.0,900.0,900.0,4589,75.9,420.0
car,504,1,1,1,1,1,1,1.0,1,0,0,0,1320.0,3960.0,108.0,420.0,900.0,4311,75.9,220.0
walk,150,0,1,1,1,1,0,1.0,1,1,0,0,408.0,1224.0,108.0,0.0,324.0,853,75.9,68.0
car,1260,1,1,1,1,1,1,0.5,1,0,0,0,1224.0,3672.0,72.0,324.0,900.0,3969,75.9,204.0
car,822,1,1,1,0,1,1,0.6666666666666666,1,0,0,0,1992.0,5976.0,360.0,900.0,900.0,3446,75.9,332.0
cycle,888,1,0,1,0,1,1,0.0,0,0,0,1,1608.0,4824.0,108.0,708.0,900.0,4011,75.9,268.0
car,1854,1,1,1,0,1,1,1.0,1,0,0,0,1632.0,4896.0,144.0,732.0,900.0,3116,75.9,272.0
passenger,624,1,0,1,1,1,0,0.0,0,0,0,1,576.0,1728.0,108.0,0.0,828.0,2963,75.9,96.0
public_transport,486,1,0,1,1,1,1,0.0,0,1,0,1,360.0,1080.0,72.0,0.0,180.0,1859,75.9,60.0
public_transport,1506,1,0,1,0,1,0,0.0,0,0,0,1,2136.0,6408.0,72.0,900.0,900.0,4133,75.9,356.0
public_transport,690,1,0,1,1,1,1,0.0,0,0,0,0,816.0,2448.0,144.0,0.0,900.0,3003,75.9,136.0
public_transport,750,1,0,1,1,1,0,0.0,0,1,0,0,1080.0,3240.0,144.0,180.0,900.0,2824,75.9,180.0
public_transport,708,1,0,1,1,1,0,0.0,0,1,0,0,624.0,1872.0,144.0,0.0,900.0,1737,75.9,804.0
car,540,1,1,1,1,1,1,1.0,1,0,0,1,240.0,720.0,72.0,0.0,0.0,2378,75.9,40.0
car,408,1,1,1,1,1,1,1.0,1,0,0,1,1320.0,3960.0,144.0,420.0,900.0,4858,75.9,220.0
car,1218,1,1,1,1,1,0,1.0,1,1,0,0,936.0,2808.0,144.0,36.0,900.0,3269,75.9,156.0
cycle,228,1,1,1,1,1,0,1.0,1,0,0,1,600.0,1800.0,72.0,0.0,900.0,2815,75.9,100.0
car,1218,1,1,1,1,1,1,0.5,1,0,0,0,936.0,2808.0,72.0,36.0,900.0,3343,75.9,156.0
car,1218,1,1,1,1,1,0,0.5,1,1,0,0,936.0,2808.0,72.0,36.0,900.0,3343,75.9,156.0
car,630,1,1,1,1,1,0,0.6666666666666666,1,0,0,0,1200.0,3600.0,216.0,300.0,900.0,3769,75.9,200.0
walk,138,1,1,1,1,1,0,0.5,1,1,0,0,384.0,1152.0,144.0,0.0,252.0,1155,75.9,64.0
car,234,1,1,1,1,1,1,1.0,1,0,0,0,624.0,1872.0,72.0,0.0,900.0,3684,75.9,104.0
car,654,1,1,1,0,1,1,0.5,1,0,0,1,1776.0,5328.0,108.0,876.0,900.0,4141,75.9,296.0
cycle,480,1,1,1,1,1,0,0.5,1,1,0,1,960.0,2880.0,108.0,60.0,900.0,2086,75.9,160.0
passenger,186,1,1,1,1,1,0,0.5,1,1,0,0,504.0,1512.0,216.0,0.0,612.0,1900,75.9,84.0
walk,0,1,0,1,1,1,0,0.5,1,0,0,1,0.0,0.0,216.0,0.0,0.0,1097,75.9,0.0
car,630,1,1,1,1,1,1,1.0,1,0,0,0,1176.0,3528.0,108.0,276.0,900.0,3167,75.9,196.0
car,522,1,1,1,1,1,0,1.0,1,1,0,0,1416.0,4248.0,108.0,516.0,900.0,3029,75.9,236.0
car,546,1,1,1,1,1,1,1.0,1,0,0,1,936.0,2808.0,72.0,36.0,900.0,1721,75.9,506.0
car,606,1,1,1,1,1,1,1.0,1,0,0,0,528.0,1584.0,72.0,0.0,684.0,2602,75.9,88.0
car,342,1,1,1,1,1,0,1.0,1,1,0,0,744.0,2232.0,72.0,0.0,900.0,2027,75.9,124.0
cycle,576,1,1,1,1,1,1,1.0,1,0,0,1,1320.0,3960.0,144.0,420.0,900.0,3257,75.9,220.0
walk,606,1,0,1,1,1,0,1.0,1,1,0,0,528.0,1584.0,144.0,0.0,684.0,1276,75.9,88.0
car,336,1,1,1,1,1,1,1.0,1,0,0,0,960.0,2880.0,108.0,60.0,900.0,2992,75.9,160.0
car,660,1,1,1,1,1,0,1.0,1,1,0,0,1152.0,3456.0,108.0,252.0,900.0,2665,75.9,542.0
car,312,1,1,1,1,1,1,1.0,1,0,0,1,864.0,2592.0,36.0,0.0,900.0,3467,75.9,144.0
public_transport,690,1,0,1,1,1,1,0.0,0,0,0,0,1416.0,4248.0,72.0,516.0,900.0,3665,75.9,236.0
public_transport,1680,1,0,1,1,1,1,0.0,0,1,0,0,984.0,2952.0,288.0,84.0,900.0,2951,75.9,339.0
car,606,1,1,1,1,1,1,0.5,1,0,0,1,1104.0,3312.0,36.0,204.0,900.0,3061,75.9,359.0
car,420,1,1,1,1,1,1,1.0,1,1,0,0,888.0,2664.0,144.0,0.0,900.0,1501,75.9,148.0
car,714,1,1,1,1,1,1,1.0,1,0,0,1,1392.0,4176.0,72.0,492.0,900.0,3403,75.9,232.0
car,1548,1,1,1,1,1,0,0.5,1,1,0,0,1056.0,3168.0,180.0,156.0,900.0,3160,75.9,176.0
cycle,1668,1,0,1,1,1,0,1.0,1,1,0,1,1008.0,3024.0,180.0,108.0,900.0,2018,75.9,518.0
car,1314,1,1,1,1,1,1,1.0,1,0,0,0,1272.0,3816.0,180.0,372.0,900.0,3124,75.9,212.0
car,480,1,1,1,0,1,0,1.0,1,1,0,0,1512.0,4536.0,180.0,612.0,900.0,3423,75.9,252.0
cycle,822,1,0,1,0,1,0,1.0,1,0,0,0,2640.0,7920.0,432.0,900.0,900.0,4224,75.9,440.0
cycle,0,0,1,1,1,1,1,0.5,1,0,0,1,0.0,0.0,288.0,0.0,0.0,4921,75.9,0.0
walk,0,0,1,1,1,1,1,0.5,1,0,0,1,0.0,0.0,108.0,0.0,0.0,4921,75.9,0.0
car,0,0,1,1,1,1,0,0.5,1,1,0,1,0.0,0.0,108.0,0.0,0.0,4921,75.9,0.0
walk,0,0,1,1,1,1,1,0.5,1,0,0,1,0.0,0.0,144.0,0.0,0.0,4921,75.9,0.0
walk,0,0,0,1,1,1,0,0.5,1,1,0,1,0.0,0.0,144.0,0.0,0.0,4921,75.9,0.0
car,1416,1,1,1,0,1,0,0.5,1,1,0,0,1704.0,5112.0,144.0,804.0,900.0,2057,75.9,284.0
public_transport,852,1,1,1,0,1,1,1.0,1,0,0,0,2232.0,6696.0,288.0,900.0,900.0,3397,75.9,1072.0
car,750,1,1,1,0,1,0,1.0,1,1,0,0,3000.0,9000.0,288.0,900.0,900.0,4907,75.9,500.0
cycle,0,0,0,1,1,1,1,0.0,0,0,0,1,0.0,0.0,324.0,0.0,0.0,4921,75.9,0.0
cycle,0,0,0,1,1,1,0,0.0,0,1,0,1,0.0,0.0,324.0,0.0,0.0,4921,75.9,0.0
car,0,0,1,1,1,1,0,1.0,1,1,0,0,0.0,0.0,504.0,0.0,0.0,4921,75.9,0.0
car,972,1,1,1,0,1,1,0.5,1,0,0,0,2544.0,7632.0,432.0,900.0,900.0,4268,75.9,599.0
passenger,288,1,1,1,1,1,1,0.5,1,0,0,1,1104.0,3312.0,360.0,204.0,900.0,1770,75.9,184.0
car,552,1,1,1,0,1,0,0.5,1,1,0,0,2136.0,6408.0,360.0,900.0,900.0,5053,75.9,356.0
car,1416,1,1,1,0,1,1,1.0,1,0,0,1,1704.0,5112.0,180.0,804.0,900.0,2057,75.9,284.0
walk,0,0,0,1,1,1,0,1.0,1,1,0,0,0.0,0.0,180.0,0.0,0.0,4921,75.9,0.0
cycle,0,0,0,1,1,1,1,0.0,0,0,0,1,0.0,0.0,432.0,0.0,0.0,4921,75.9,0.0
walk,0,0,1,1,1,1,1,0.5,1,0,0,1,0.0,0.0,432.0,0.0,0.0,4921,75.9,0.0
walk,0,0,1,1,1,1,0,0.5,1,1,0,0,0.0,0.0,432.0,0.0,0.0,4921,75.9,0.0
car,564,1,1,1,0,1,1,0.5,1,0,0,0,1488.0,4464.0,180.0,588.0,900.0,3591,75.9,248.0
passenger,624,1,1,1,1,1,0,0.5,1,1,0,0,1272.0,3816.0,180.0,372.0,900.0,2321,75.9,912.0
cycle,1182,1,1,1,1,1,1,0.5,1,0,0,0,744.0,2232.0,144.0,0.0,900.0,2476,75.9,124.0
car,1182,1,1,1,1,1,1,1.0,1,0,0,0,744.0,2232.0,144.0,0.0,900.0,2476,75.9,124.0
walk,0,0,1,1,1,1,0,0.3333333333333333,1,1,0,0,0.0,0.0,216.0,0.0,0.0,3113,75.9,0.0
car,792,1,1,1,0,1,0,0.3333333333333333,1,1,0,0,1560.0,4680.0,216.0,660.0,900.0,3411,75.9,435.0
public_transport,354,1,0,1,1,1,0,0.3333333333333333,1,1,0,0,984.0,2952.0,216.0,84.0,900.0,3769,75.9,164.0
cycle,516,1,1,1,1,1,1,1.0,1,0,0,0,1152.0,3456.0,144.0,252.0,900.0,3279,75.9,192.0
public_transport,1182,1,0,1,1,1,0,1.0,1,1,0,0,744.0,2232.0,216.0,0.0,900.0,2476,75.9,124.0
car,0,0,1,1,1,1,0,1.0,1,1,0,0,0.0,0.0,108.0,0.0,0.0,3113,75.9,0.0
car,462,1,1,1,1,1,1,1.0,1,1,0,0,1128.0,3384.0,144.0,228.0,900.0,2357,75.9,188.0
car,516,1,1,1,1,1,1,1.0,1,0,0,0,1152.0,3456.0,72.0,252.0,900.0,2819,75.9,192.0
car,522,1,1,1,1,1,1,1.0,1,0,0,0,1176.0,3528.0,144.0,276.0,900.0,2783,75.9,546.0
passenger,222,1,0,1,1,1,0,1.0,1,1,0,0,624.0,1872.0,144.0,0.0,900.0,1409,75.9,104.0
car,414,1,1,1,0,1,1,1.0,1,0,0,0,1512.0,4536.0,288.0,612.0,900.0,3574,75.9,252.0
passenger,618,1,1,1,0,1,1,0.5,1,0,0,1,1872.0,5616.0,108.0,900.0,900.0,3634,75.9,312.0
car,1152,1,1,1,0,1,1,0.5,1,0,0,1,2136.0,6408.0,72.0,900.0,900.0,4725,75.9,356.0
car,396,1,1,1,1,1,1,1.0,1,0,0,0,1272.0,3816.0,576.0,372.0,900.0,2675,75.9,212.0
passenger,390,1,0,1,1,1,0,1.0,1,1,0,0,1056.0,3168.0,108.0,156.0,900.0,1928,75.9,176.0
car,270,1,1,1,1,1,0,1.0,1,1,0,0,744.0,2232.0,72.0,0.0,900.0,2444,75.9,124.0
car,354,1,1,1,1,1,1,0.5,1,0,0,0,984.0,2952.0,216.0,84.0,900.0,2550,75.9,164.0
car,300,1,1,1,1,1,1,1.0,1,0,0,0,888.0,2664.0,144.0,0.0,900.0,3135,75.9,148.0
car,300,1,1,1,1,1,0,1.0,1,1,0,0,888.0,2664.0,144.0,0.0,900.0,3135,75.9,148.0
car,576,1,1,1,1,1,1,1.0,1,0,0,0,1320.0,3960.0,216.0,420.0,900.0,2891,75.9,220.0
cycle,690,1,1,1,0,1,1,0.5,1,0,0,1,2088.0,6264.0,72.0,900.0,900.0,4431,75.9,348.0
car,294,1,1,1,1,1,0,0.5,1,1,0,1,864.0,2592.0,72.0,0.0,900.0,3835,75.9,144.0
car,510,1,1,1,1,1,0,1.0,1,1,0,0,1296.0,3888.0,72.0,396.0,900.0,2790,75.9,216.0
public_transport,402,1,1,1,1,1,1,0.5,1,0,0,0,1080.0,3240.0,72.0,180.0,900.0,1772,75.9,180.0
car,1152,1,1,1,0,1,0,0.5,1,1,0,0,2136.0,6408.0,72.0,900.0,900.0,4433,75.9,356.0
car,576,1,1,1,1,1,0,0.5,1,1,0,0,1320.0,3960.0,180.0,420.0,900.0,3277,75.9,395.0
car,654,1,1,1,0,1,1,1.0,1,0,0,0,1632.0,4896.0,216.0,732.0,900.0,4089,75.9,272.0
car,390,1,1,1,1,1,0,1.0,1,1,0,0,1056.0,3168.0,216.0,156.0,900.0,1914,75.9,176.0
car,1356,1,1,1,0,1,1,1.0,1,0,0,0,1680.0,5040.0,216.0,780.0,900.0,3663,75.9,280.0
car,846,1,1,1,1,1,0,1.0,1,1,0,0,1248.0,3744.0,216.0,348.0,900.0,3892,75.9,208.0
cycle,606,1,0,1,0,1,0,0.0,0,1,0,0,1608.0,4824.0,72.0,708.0,900.0,3595,75.9,268.0
car,348,1,1,1,1,1,1,0.5,1,0,0,1,912.0,2736.0,72.0,12.0,900.0,1530,75.9,152.0
walk,0,0,1,1,1,1,1,0.5,1,0,0,0,0.0,0.0,144.0,0.0,0.0,902,75.9,0.0
car,348,1,1,1,1,1,1,1.0,1,1,0,0,912.0,2736.0,108.0,12.0,900.0,1238,75.9,152.0
car,690,1,1,1,0,1,1,1.0,1,0,0,0,2088.0,6264.0,72.0,900.0,900.0,4431,75.9,348.0
public_transport,510,1,0,1,1,1,1,0.0,0,1,0,0,1296.0,3888.0,144.0,396.0,900.0,2498,75.9,216.0
car,618,1,1,1,0,1,1,0.5,1,0,0,1,1992.0,5976.0,108.0,900.0,900.0,4051,75.9,332.0
car,798,1,1,1,0,1,1,1.0,1,0,0,0,2520.0,7560.0,144.0,900.0,900.0,4347,75.9,420.0
passenger,798,1,0,1,0,1,0,1.0,1,1,0,0,2400.0,7200.0,144.0,900.0,900.0,3599,75.9,400.0
car,486,1,1,1,0,1,1,1.0,1,0,0,0,1464.0,4392.0,216.0,564.0,900.0,3470,75.9,244.0
car,978,1,1,1,0,1,1,1.0,1,0,0,0,2664.0,7992.0,432.0,900.0,900.0,5491,75.9,444.0
car,978,1,1,1,0,1,0,1.0,1,1,0,0,2664.0,7992.0,432.0,900.0,900.0,5491,75.9,444.0
public_transport,636,1,1,1,1,1,1,1.0,1,0,0,0,1344.0,4032.0,36.0,444.0,900.0,3955,75.9,224.0
car,282,1,1,1,1,1,1,1.0,1,0,0,0,768.0,2304.0,108.0,0.0,900.0,2773,75.9,128.0
car,732,1,1,1,1,1,0,1.0,1,1,0,0,792.0,2376.0,108.0,0.0,900.0,1646,75.9,132.0
public_transport,480,1,0,1,1,1,0,0.0,0,1,0,0,936.0,2808.0,144.0,36.0,900.0,2352,75.9,856.0
public_transport,522,1,0,1,1,1,0,1.0,1,1,0,0,1296.0,3888.0,108.0,396.0,900.0,3461,75.9,216.0
car,288,1,1,1,1,1,0,1.0,1,0,0,0,1128.0,3384.0,108.0,228.0,900.0,3972,75.9,188.0
public_transport,522,1,0,1,1,1,0,1.0,1,1,0,0,1296.0,3888.0,108.0,396.0,900.0,3461,75.9,216.0
car,306,1,1,1,1,1,1,1.0,1,0,0,0,768.0,2304.0,144.0,0.0,900.0,1780,75.9,128.0
car,468,1,1,1,0,1,0,1.0,1,0,0,1,1512.0,4536.0,108.0,612.0,900.0,4047,75.9,252.0
walk,264,1,1,1,1,1,1,0.5,1,0,0,1,624.0,1872.0,180.0,0.0,900.0,1185,75.9,104.0
car,552,1,1,1,0,1,1,0.5,1,0,0,1,1728.0,5184.0,108.0,828.0,900.0,4519,75.9,288.0
walk,264,0,1,1,1,1,0,0.5,1,0,0,1,624.0,1872.0,108.0,0.0,900.0,787,75.9,104.0
walk,264,0,0,1,1,1,0,0.0,0,0,0,1,624.0,1872.0,180.0,0.0,900.0,321,75.9,104.0
public_transport,456,1,0,1,1,1,0,1.0,1,1,0,0,1104.0,3312.0,180.0,204.0,900.0,2408,75.9,184.0
cycle,828,1,0,1,1,1,1,0.0,0,0,0,1,1104.0,3312.0,72.0,204.0,900.0,2385,75.9,184.0
car,216,1,1,1,1,1,0,1.0,1,1,0,0,576.0,1728.0,576.0,0.0,828.0,2131,75.9,96.0
car,420,1,1,1,1,1,1,0.6666666666666666,1,0,0,0,1224.0,3672.0,252.0,324.0,900.0,3201,75.9,204.0
car,504,1,1,1,1,1,0,0.6666666666666666,1,1,0,0,1344.0,4032.0,252.0,444.0,900.0,4265,75.9,224.0
car,252,1,1,1,1,1,1,0.5,1,0,0,1,648.0,1944.0,144.0,0.0,900.0,1341,75.9,108.0
walk,276,1,0,1,1,1,1,1.0,1,0,0,0,840.0,2520.0,144.0,0.0,900.0,1442,75.9,140.0
car,228,1,1,1,1,1,0,1.0,1,0,0,1,672.0,2016.0,108.0,0.0,900.0,1387,75.9,112.0
car,810,1,1,1,0,1,1,0.5,1,0,0,1,2520.0,7560.0,216.0,900.0,900.0,6631,75.9,420.0
car,102,1,1,1,1,1,1,1.0,1,0,0,1,264.0,792.0,504.0,0.0,0.0,1265,75.9,44.0
car,240,1,1,1,1,1,1,1.0,1,0,0,0,600.0,1800.0,324.0,0.0,900.0,1184,75.9,100.0
car,810,1,1,1,0,1,0,1.0,1,1,0,0,2520.0,7560.0,324.0,900.0,900.0,3784,75.9,420.0
public_transport,300,1,0,1,1,1,0,1.0,1,1,0,0,792.0,2376.0,252.0,0.0,900.0,2019,75.9,132.0
car,1152,1,1,1,1,1,1,0.5,1,0,0,0,1344.0,4032.0,72.0,444.0,900.0,2913,75.9,224.0
walk,132,0,1,1,1,1,0,0.5,1,1,0,0,288.0,864.0,72.0,0.0,0.0,946,75.9,48.0
car,1356,1,1,1,0,1,1,0.5,1,0,0,0,1632.0,4896.0,432.0,732.0,900.0,2642,75.9,272.0
car,1572,1,1,1,1,1,1,0.5,1,0,0,0,1008.0,3024.0,36.0,108.0,900.0,2468,75.9,168.0
car,1260,1,1,1,0,1,1,1.0,1,0,0,0,1488.0,4464.0,108.0,588.0,900.0,2678,75.9,248.0
car,1458,1,1,1,0,1,0,1.0,1,1,0,0,2328.0,6984.0,108.0,900.0,900.0,3945,75.9,388.0
cycle,132,0,1,1,1,1,1,1.0,1,0,0,0,288.0,864.0,72.0,0.0,0.0,946,75.9,48.0
cycle,132,0,1,1,1,1,0,1.0,1,1,0,0,288.0,864.0,72.0,0.0,0.0,946,75.9,48.0
cycle,132,1,1,1,1,1,1,0.5,1,0,0,1,288.0,864.0,72.0,0.0,0.0,998,75.9,48.0
car,1704,1,1,1,0,1,1,0.5,1,0,0,1,2280.0,6840.0,216.0,900.0,900.0,3628,75.9,380.0
car,132,1,1,1,1,1,1,1.0,1,0,0,1,288.0,864.0,180.0,0.0,0.0,998,75.9,48.0
walk,132,0,0,1,1,1,0,1.0,1,1,0,1,288.0,864.0,180.0,0.0,0.0,946,75.9,48.0
car,132,1,1,1,1,1,1,0.5,1,0,0,1,288.0,864.0,108.0,0.0,0.0,998,75.9,48.0
public_transport,1548,1,1,1,0,1,0,0.5,1,1,0,0,1752.0,5256.0,108.0,852.0,900.0,2205,75.9,992.0
car,2454,1,1,1,0,1,1,1.0,1,0,0,0,2520.0,7560.0,36.0,900.0,900.0,3902,75.9,420.0
cycle,2112,1,0,1,0,1,1,0.0,0,0,0,1,1872.0,5616.0,72.0,900.0,900.0,2090,75.9,487.0
walk,0,1,0,1,1,1,0,0.0,0,1,0,0,0.0,0.0,72.0,0.0,0.0,1468,75.9,0.0
passenger,1902,1,1,1,0,1,1,0.5,1,0,0,1,1584.0,4752.0,36.0,684.0,900.0,3187,75.9,264.0
car,2136,1,1,1,0,1,0,0.5,1,1,0,0,1872.0,5616.0,36.0,900.0,900.0,2978,75.9,487.0
car,1260,1,1,1,0,1,1,1.0,1,0,0,1,1488.0,4464.0,288.0,588.0,900.0,2003,75.9,423.0
car,1422,1,1,1,0,1,1,1.0,1,1,0,0,1704.0,5112.0,504.0,804.0,900.0,2889,75.9,634.0
cycle,132,1,0,1,1,1,1,1.0,1,0,0,1,288.0,864.0,432.0,0.0,0.0,982,75.9,48.0
car,822,1,1,1,1,1,0,1.0,1,1,0,0,768.0,2304.0,432.0,0.0,900.0,2468,75.9,128.0
car,0,0,1,1,1,1,0,0.5,1,1,0,1,0.0,0.0,36.0,0.0,0.0,2723,75.9,0.0
car,1386,1,1,1,0,1,1,1.0,1,0,0,1,1632.0,4896.0,108.0,732.0,900.0,1729,75.9,447.0
cycle,0,0,0,1,1,1,0,1.0,1,1,0,0,0.0,0.0,108.0,0.0,0.0,946,75.9,0.0
public_transport,1410,1,0,1,0,1,0,1.0,1,0,0,1,1992.0,5976.0,108.0,900.0,900.0,3220,75.9,332.0
car,1944,1,1,1,0,1,1,0.4,1,0,0,0,1752.0,5256.0,72.0,852.0,900.0,1703,75.9,292.0
public_transport,2274,1,1,1,0,1,0,0.4,1,1,0,0,2016.0,6048.0,72.0,900.0,900.0,2590,75.9,686.0
walk,1530,1,1,1,1,1,0,0.4,1,1,0,0,888.0,2664.0,72.0,0.0,900.0,1386,75.9,148.0
walk,684,0,1,1,1,1,1,0.5,1,0,0,0,288.0,864.0,324.0,0.0,0.0,527,75.9,48.0
walk,684,0,0,1,1,1,0,0.0,0,1,0,1,288.0,864.0,432.0,0.0,0.0,2723,75.9,48.0
walk,0,0,1,1,1,1,1,1.0,1,0,0,0,0.0,0.0,180.0,0.0,0.0,2723,75.9,0.0
cycle,1902,1,1,1,0,1,0,1.0,1,1,0,0,1512.0,4536.0,180.0,612.0,900.0,2617,75.9,252.0
car,330,1,1,1,1,1,1,1.0,1,0,0,1,864.0,2592.0,1080.0,0.0,900.0,1740,75.9,144.0
car,570,1,1,1,0,1,1,0.5,1,0,0,0,1560.0,4680.0,144.0,660.0,900.0,4132,75.9,260.0
car,486,1,1,1,1,1,1,1.0,1,0,0,0,1224.0,3672.0,72.0,324.0,900.0,1611,75.9,204.0
car,870,1,1,1,0,1,0,1.0,1,1,0,0,2160.0,6480.0,72.0,900.0,900.0,3616,75.9,360.0
car,696,1,1,1,1,1,1,1.0,1,1,0,0,1416.0,4248.0,108.0,516.0,900.0,2884,75.9,761.0
car,552,1,1,1,1,1,1,1.0,1,0,0,0,1344.0,4032.0,144.0,444.0,900.0,4375,75.9,224.0
cycle,570,1,1,1,0,1,1,0.5,1,0,0,0,1560.0,4680.0,252.0,660.0,900.0,4113,75.9,260.0
car,1392,1,1,1,0,1,0,0.5,1,1,0,0,2448.0,7344.0,252.0,900.0,900.0,4946,75.9,408.0
car,780,1,1,1,0,1,1,0.5,1,0,0,0,1800.0,5400.0,180.0,900.0,900.0,4787,75.9,300.0
passenger,786,1,1,1,0,1,0,0.5,1,1,0,0,2184.0,6552.0,180.0,900.0,900.0,5190,75.9,364.0
car,426,1,1,1,1,1,1,0.5,1,0,0,0,1056.0,3168.0,144.0,156.0,900.0,2675,75.9,176.0
cycle,636,1,1,1,0,1,1,0.5,1,0,0,0,1536.0,4608.0,72.0,636.0,900.0,3440,75.9,256.0
car,1038,1,1,1,1,1,1,1.0,1,0,0,0,1176.0,3528.0,72.0,276.0,900.0,3645,75.9,196.0
car,942,1,1,1,0,1,0,1.0,1,1,0,0,2808.0,8424.0,72.0,900.0,900.0,4269,75.9,468.0
car,732,1,1,1,0,1,1,0.5,1,0,0,0,1704.0,5112.0,1152.0,804.0,900.0,3212,75.9,284.0
car,696,1,1,1,1,1,0,1.0,1,1,0,0,1416.0,4248.0,72.0,516.0,900.0,2450,75.9,586.0
car,558,1,1,1,1,1,1,1.0,1,0,0,0,1392.0,4176.0,72.0,492.0,900.0,2219,75.9,232.0
car,672,1,1,1,0,1,0,1.0,1,1,0,0,1608.0,4824.0,72.0,708.0,900.0,3202,75.9,268.0
car,570,1,1,1,0,1,1,1.0,1,0,0,1,1560.0,4680.0,72.0,660.0,900.0,4132,75.9,260.0
car,588,1,1,1,1,1,0,1.0,1,1,0,0,1344.0,4032.0,72.0,444.0,900.0,2950,75.9,574.0
car,1038,1,1,1,0,1,1,1.0,1,0,0,0,2712.0,8136.0,72.0,900.0,900.0,6088,75.9,452.0
car,738,1,1,1,0,1,0,1.0,1,1,0,0,1920.0,5760.0,72.0,900.0,900.0,3250,75.9,320.0
car,1692,1,1,1,0,1,1,1.0,1,0,0,0,2112.0,6336.0,216.0,900.0,900.0,3968,75.9,352.0
car,1692,1,1,1,0,1,0,1.0,1,1,0,0,2112.0,6336.0,216.0,900.0,900.0,3968,75.9,352.0
car,1038,1,1,1,0,1,1,1.0,1,0,0,0,2712.0,8136.0,216.0,900.0,900.0,6088,75.9,452.0
car,732,1,1,1,0,1,1,0.6666666666666666,1,0,0,0,1776.0,5328.0,648.0,876.0,900.0,4743,75.9,296.0
car,558,1,1,1,1,1,1,0.5,1,0,0,0,1392.0,4176.0,1440.0,492.0,900.0,3330,75.9,232.0
car,0,0,1,1,1,1,0,1.0,1,1,0,0,0.0,0.0,36.0,0.0,0.0,940,75.9,0.0
walk,600,1,0,1,1,1,0,1.0,1,1,0,1,552.0,1656.0,144.0,0.0,756.0,1610,75.9,92.0
public_transport,642,1,0,1,1,1,0,1.0,1,1,0,1,576.0,1728.0,36.0,0.0,828.0,3415,75.9,96.0
cycle,936,1,0,1,1,1,1,0.5,1,0,0,0,720.0,2160.0,144.0,0.0,900.0,1835,75.9,820.0
public_transport,936,1,0,1,1,1,0,0.5,1,1,0,1,720.0,2160.0,144.0,0.0,900.0,1835,75.9,820.0
cycle,642,1,1,1,1,1,1,1.0,1,0,0,1,576.0,1728.0,144.0,0.0,828.0,2857,75.9,271.0
cycle,720,1,0,1,1,1,1,0.0,0,0,0,1,696.0,2088.0,72.0,0.0,900.0,2857,75.9,291.0
car,936,1,1,1,1,1,1,1.0,1,1,0,0,720.0,2160.0,144.0,0.0,900.0,2215,75.9,820.0
cycle,660,1,1,1,1,1,1,1.0,1,0,0,1,720.0,2160.0,108.0,0.0,900.0,3228,75.9,120.0
cycle,876,1,1,1,1,1,1,1.0,1,0,0,0,816.0,2448.0,72.0,0.0,900.0,2783,75.9,136.0
cycle,936,1,1,1,1,1,1,0.3333333333333333,1,0,0,1,720.0,2160.0,144.0,0.0,900.0,1835,75.9,820.0
cycle,642,1,1,1,1,1,0,0.3333333333333333,1,1,0,1,576.0,1728.0,144.0,0.0,828.0,2477,75.9,271.0
cycle,600,1,1,1,1,1,0,0.3333333333333333,1,1,0,1,552.0,1656.0,144.0,0.0,756.0,1442,75.9,92.0
cycle,660,1,0,1,1,1,1,0.0,0,0,0,1,744.0,2232.0,108.0,0.0,900.0,2850,75.9,124.0
public_transport,936,1,0,1,1,1,0,0.0,0,1,0,1,720.0,2160.0,108.0,0.0,900.0,1835,75.9,820.0
car,792,1,1,1,1,1,1,1.0,1,0,0,1,912.0,2736.0,108.0,12.0,900.0,3041,75.9,152.0
public_transport,936,1,0,1,1,1,0,1.0,1,1,0,0,720.0,2160.0,108.0,0.0,900.0,1835,75.9,820.0
car,0,1,1,1,1,1,1,1.0,1,0,0,1,0.0,0.0,72.0,0.0,0.0,866,75.9,0.0
public_transport,936,1,0,1,1,1,0,1.0,1,1,0,0,888.0,2664.0,72.0,0.0,900.0,2810,75.9,148.0
car,138,1,1,1,1,1,1,0.5,1,0,0,1,288.0,864.0,360.0,0.0,0.0,1232,75.9,48.0
car,396,1,1,1,1,1,1,0.5,1,0,0,1,864.0,2592.0,180.0,0.0,900.0,3218,75.9,144.0
car,174,1,1,1,1,1,1,0.5,1,0,0,1,384.0,1152.0,252.0,0.0,252.0,2900,75.9,64.0
car,522,1,1,1,1,1,0,0.5,1,1,0,0,744.0,2232.0,252.0,0.0,900.0,1857,75.9,824.0
cycle,588,1,1,1,1,1,1,1.0,1,0,0,0,144.0,432.0,144.0,0.0,0.0,1609,75.9,24.0
cycle,0,0,0,1,1,1,1,1.0,1,1,0,0,0.0,0.0,108.0,0.0,0.0,940,75.9,0.0
cycle,600,1,0,1,1,1,1,0.0,0,0,0,1,552.0,1656.0,144.0,0.0,756.0,1610,75.9,92.0
cycle,660,1,0,1,1,1,1,0.0,0,0,0,1,720.0,2160.0,108.0,0.0,900.0,2713,75.9,120.0
car,558,1,1,1,1,1,1,0.6666666666666666,1,0,0,0,480.0,1440.0,108.0,0.0,540.0,2704,75.9,80.0
cycle,636,1,0,1,1,1,1,1.0,1,0,0,0,528.0,1584.0,144.0,0.0,684.0,3492,75.9,88.0
car,642,1,1,1,1,1,0,1.0,1,1,0,0,576.0,1728.0,144.0,0.0,828.0,1797,75.9,271.0
car,744,1,1,1,1,1,1,0.5,1,0,0,1,720.0,2160.0,216.0,0.0,900.0,1752,75.9,470.0
passenger,744,1,1,1,1,1,0,0.5,1,1,0,0,720.0,2160.0,216.0,0.0,900.0,1752,75.9,470.0
car,636,1,1,1,1,1,1,1.0,1,0,0,0,528.0,1584.0,36.0,0.0,684.0,3196,75.9,88.0
car,420,1,1,1,1,1,0,1.0,1,1,0,0,1008.0,3024.0,288.0,108.0,900.0,3355,75.9,168.0
car,246,1,1,1,1,1,1,1.0,1,0,0,0,528.0,1584.0,180.0,0.0,684.0,2932,75.9,88.0
car,408,1,1,1,1,1,1,0.6666666666666666,1,0,0,1,1176.0,3528.0,288.0,276.0,900.0,1594,75.9,196.0
car,432,1,1,1,1,1,1,1.0,1,0,0,1,1272.0,3816.0,432.0,372.0,900.0,3695,75.9,212.0
car,468,1,1,1,1,1,0,1.0,1,1,0,0,1176.0,3528.0,432.0,276.0,900.0,3959,75.9,196.0
walk,0,0,1,1,1,1,1,1.0,1,0,0,0,0.0,0.0,216.0,0.0,0.0,1591,75.9,0.0
car,888,1,1,1,0,1,1,1.0,1,0,0,0,2016.0,6048.0,72.0,900.0,900.0,4163,75.9,336.0
passenger,888,1,0,1,0,1,0,1.0,1,1,0,0,2016.0,6048.0,72.0,900.0,900.0,4163,75.9,336.0
car,0,0,1,1,1,1,1,1.0,1,0,0,0,0.0,0.0,216.0,0.0,0.0,1591,75.9,0.0
walk,0,0,1,1,1,1,0,1.0,1,0,0,0,0.0,0.0,216.0,0.0,0.0,1591,75.9,0.0
walk,60,0,1,1,1,1,1,1.0,1,0,0,1,192.0,576.0,144.0,0.0,0.0,1591,75.9,32.0
walk,0,0,0,1,1,1,0,1.0,1,1,0,0,0.0,0.0,144.0,0.0,0.0,1591,75.9,0.0
car,984,1,1,1,0,1,1,1.0,1,0,0,0,2352.0,7056.0,180.0,900.0,900.0,4669,75.9,392.0
cycle,732,1,0,1,0,1,1,0.0,0,0,0,1,1824.0,5472.0,180.0,900.0,900.0,3853,75.9,304.0
car,840,1,1,1,1,1,1,0.5,1,0,0,1,792.0,2376.0,144.0,0.0,900.0,1365,75.9,132.0
car,378,1,1,1,1,1,0,0.5,1,1,0,0,1080.0,3240.0,144.0,180.0,900.0,1781,75.9,355.0
car,564,1,1,1,0,1,1,1.0,1,0,0,1,1536.0,4608.0,108.0,636.0,900.0,3405,75.9,256.0
car,702,1,1,1,1,1,1,1.0,1,0,0,0,1440.0,4320.0,180.0,540.0,900.0,2749,75.9,590.0
public_transport,786,1,0,1,0,1,0,1.0,1,1,0,0,1776.0,5328.0,180.0,876.0,900.0,2984,75.9,296.0
public_transport,1698,1,0,1,0,1,1,0.0,0,1,0,0,2136.0,6408.0,72.0,900.0,900.0,3974,75.9,356.0
car,492,1,1,1,1,1,1,1.0,1,0,0,1,1392.0,4176.0,216.0,492.0,900.0,3214,75.9,232.0
car,960,1,1,1,0,1,1,1.0,1,0,0,1,2640.0,7920.0,432.0,900.0,900.0,4973,75.9,440.0
cycle,714,1,0,1,0,1,0,1.0,1,1,0,0,1512.0,4536.0,432.0,612.0,900.0,3792,75.9,252.0
car,822,1,1,1,0,1,0,0.5,1,1,0,1,2616.0,7848.0,144.0,900.0,900.0,6984,75.9,436.0
car,822,1,1,1,0,1,1,1.0,1,0,0,0,2616.0,7848.0,180.0,900.0,900.0,6984,75.9,436.0
car,786,1,1,1,0,1,1,1.0,1,0,0,0,1776.0,5328.0,36.0,876.0,900.0,2984,75.9,296.0
cycle,702,1,1,1,1,1,1,1.0,1,0,0,0,1440.0,4320.0,72.0,540.0,900.0,2749,75.9,590.0
car,1512,1,1,1,0,1,1,0.5,1,0,0,0,2904.0,8712.0,108.0,900.0,900.0,4280,75.9,484.0
car,0,1,1,1,1,1,1,0.5,1,0,0,0,0.0,0.0,180.0,0.0,0.0,1130,75.9,0.0
car,1512,1,1,1,0,1,1,1.0,1,0,0,1,2904.0,8712.0,108.0,900.0,900.0,4280,75.9,484.0
car,564,1,1,1,0,1,1,1.0,1,0,0,0,1512.0,4536.0,288.0,612.0,900.0,3888,75.9,252.0
car,606,1,1,1,0,1,1,1.0,1,0,0,1,1608.0,4824.0,360.0,708.0,900.0,4296,75.9,268.0
car,846,1,1,1,0,1,0,1.0,1,1,0,0,2208.0,6624.0,360.0,900.0,900.0,4943,75.9,368.0
car,198,1,1,1,1,1,1,1.0,1,0,0,0,696.0,2088.0,432.0,0.0,900.0,1401,75.9,116.0
car,624,1,1,1,0,1,1,1.0,1,0,0,0,1680.0,5040.0,360.0,780.0,900.0,4094,75.9,280.0
car,840,1,1,1,1,1,0,1.0,1,1,0,0,792.0,2376.0,360.0,0.0,900.0,1401,75.9,132.0
car,822,1,1,1,0,1,1,1.0,1,0,0,1,2616.0,7848.0,360.0,900.0,900.0,7467,75.9,436.0
cycle,60,1,0,1,1,1,0,1.0,1,1,0,0,192.0,576.0,360.0,0.0,0.0,1121,75.9,32.0
car,666,1,1,1,0,1,1,1.0,1,0,0,0,1800.0,5400.0,252.0,900.0,900.0,4200,75.9,300.0
walk,414,1,0,1,1,1,1,0.0,0,0,0,1,912.0,2736.0,72.0,12.0,900.0,2472,75.9,152.0
walk,222,1,1,1,1,1,1,0.5,1,0,0,0,456.0,1368.0,108.0,0.0,468.0,1559,75.9,76.0
car,1446,1,1,1,1,1,1,0.6666666666666666,1,0,0,0,1392.0,4176.0,144.0,492.0,900.0,3356,75.9,232.0
car,180,1,1,1,1,1,0,0.6666666666666666,1,1,0,0,336.0,1008.0,144.0,0.0,108.0,1118,75.9,56.0
public_transport,606,1,1,1,1,1,1,1.0,1,1,0,0,984.0,2952.0,108.0,84.0,900.0,2179,75.9,864.0
cycle,288,1,1,1,1,1,1,1.0,1,0,0,0,648.0,1944.0,108.0,0.0,900.0,999,75.9,108.0
public_transport,348,1,0,1,1,1,0,1.0,1,1,0,0,744.0,2232.0,108.0,0.0,900.0,1746,75.9,299.0
cycle,288,1,0,1,1,1,0,1.0,1,0,0,0,648.0,1944.0,108.0,0.0,900.0,999,75.9,108.0
car,294,1,1,1,1,1,1,1.0,1,0,0,1,984.0,2952.0,216.0,84.0,900.0,3155,75.9,164.0
car,462,1,1,1,1,1,1,1.0,1,1,0,0,768.0,2304.0,72.0,0.0,900.0,2483,75.9,128.0
car,834,1,1,1,0,1,1,1.0,1,0,0,1,2400.0,7200.0,144.0,900.0,900.0,6504,75.9,400.0
car,930,1,1,1,1,1,1,1.0,1,0,0,0,768.0,2304.0,144.0,0.0,900.0,1974,75.9,128.0
car,288,1,1,1,1,1,1,0.5,1,0,0,1,648.0,1944.0,180.0,0.0,900.0,1730,75.9,108.0
public_transport,414,1,1,1,1,1,0,0.5,1,1,0,0,864.0,2592.0,180.0,0.0,900.0,1998,75.9,144.0
cycle,306,1,1,1,1,1,1,1.0,1,0,0,1,552.0,1656.0,180.0,0.0,756.0,2116,75.9,92.0
cycle,246,1,0,1,1,1,0,1.0,1,1,0,0,648.0,1944.0,180.0,0.0,900.0,2233,75.9,108.0
car,606,1,1,1,1,1,1,0.5,1,0,0,0,984.0,2952.0,72.0,84.0,900.0,2791,75.9,864.0
car,606,1,1,1,1,1,0,0.5,1,1,0,0,984.0,2952.0,72.0,84.0,900.0,2791,75.9,864.0
car,288,1,1,1,1,1,1,0.5,1,0,0,0,648.0,1944.0,72.0,0.0,900.0,2838,75.9,283.0
car,1578,1,1,1,0,1,0,0.5,1,1,0,0,1704.0,5112.0,72.0,804.0,900.0,3894,75.9,284.0
cycle,0,0,0,1,1,1,1,0.0,0,0,0,1,0.0,0.0,72.0,0.0,0.0,674,75.9,0.0
car,462,1,1,1,1,1,0,1.0,1,0,0,1,1152.0,3456.0,72.0,252.0,900.0,4132,75.9,192.0
car,1584,1,1,1,0,1,1,1.0,1,0,0,1,2760.0,8280.0,108.0,900.0,900.0,4468,75.9,460.0
car,762,1,1,1,0,1,0,1.0,1,1,0,0,1512.0,4536.0,108.0,612.0,900.0,3900,75.9,252.0
car,312,1,1,1,1,1,1,0.5,1,1,0,0,648.0,1944.0,72.0,0.0,900.0,2675,75.9,108.0
car,312,1,1,1,1,1,0,0.5,1,1,0,0,648.0,1944.0,72.0,0.0,900.0,2675,75.9,108.0
cycle,426,1,0,1,1,1,1,0.0,0,0,0,0,888.0,2664.0,216.0,0.0,900.0,1998,75.9,148.0
public_transport,444,1,0,1,1,1,0,0.0,0,1,0,0,1008.0,3024.0,216.0,108.0,900.0,3084,75.9,168.0
car,444,1,1,1,1,1,0,1.0,1,1,0,0,936.0,2808.0,72.0,36.0,900.0,4394,75.9,156.0
car,318,1,1,1,1,1,1,1.0,1,0,0,0,648.0,1944.0,144.0,0.0,900.0,3782,75.9,108.0
cycle,318,1,1,1,1,1,1,1.0,1,0,0,0,648.0,1944.0,108.0,0.0,900.0,3782,75.9,108.0
cycle,426,1,0,1,1,1,1,1.0,1,0,0,1,720.0,2160.0,216.0,0.0,900.0,2780,75.9,120.0
car,420,1,1,1,1,1,1,1.0,1,0,0,0,1056.0,3168.0,36.0,156.0,900.0,2646,75.9,176.0
car,282,1,1,1,1,1,1,1.0,1,0,0,0,480.0,1440.0,72.0,0.0,540.0,2339,75.9,255.0
car,48,0,1,1,1,1,0,1.0,1,1,0,0,120.0,360.0,72.0,0.0,0.0,385,75.9,20.0
walk,96,1,0,1,1,1,1,0.0,0,1,0,1,192.0,576.0,144.0,0.0,0.0,1113,75.9,32.0
walk,138,0,1,1,1,1,1,1.0,1,0,0,1,312.0,936.0,216.0,0.0,36.0,1144,75.9,52.0
car,138,0,1,1,1,1,1,0.5,1,0,0,0,312.0,936.0,144.0,0.0,36.0,1144,75.9,52.0
public_transport,534,1,0,1,1,1,0,0.5,1,1,0,0,1008.0,3024.0,144.0,108.0,900.0,3349,75.9,168.0
car,786,1,1,1,0,1,1,1.0,1,0,0,1,1968.0,5904.0,36.0,900.0,900.0,6737,75.9,328.0
car,102,0,1,1,1,1,1,0.6666666666666666,1,0,0,0,264.0,792.0,180.0,0.0,0.0,1144,75.9,44.0
car,222,1,1,1,1,1,1,1.0,1,0,0,1,456.0,1368.0,72.0,0.0,468.0,2131,75.9,76.0
cycle,102,0,0,1,1,1,0,1.0,1,1,0,1,264.0,792.0,72.0,0.0,0.0,1144,75.9,44.0
car,48,0,1,1,1,1,0,0.6666666666666666,1,1,0,0,120.0,360.0,72.0,0.0,0.0,385,75.9,20.0
walk,264,1,0,1,1,1,1,0.0,0,0,0,1,768.0,2304.0,72.0,0.0,900.0,1607,75.9,128.0
walk,330,1,1,1,1,1,1,0.3333333333333333,1,0,0,0,504.0,1512.0,72.0,0.0,612.0,2120,75.9,84.0
car,162,0,1,1,1,1,0,0.3333333333333333,1,1,0,0,384.0,1152.0,72.0,0.0,252.0,333,75.9,64.0
car,552,1,1,1,1,1,0,1.0,1,1,0,0,1056.0,3168.0,144.0,156.0,900.0,3049,75.9,176.0
cycle,162,1,1,1,1,1,1,1.0,1,0,0,0,384.0,1152.0,360.0,0.0,252.0,2360,75.9,64.0
car,162,0,1,1,1,1,1,0.5,1,0,0,0,384.0,1152.0,144.0,0.0,252.0,333,75.9,64.0
public_transport,162,1,0,1,1,1,1,0.0,0,1,0,1,384.0,1152.0,288.0,0.0,252.0,1217,75.9,64.0
car,546,1,1,1,1,1,0,1.0,1,1,0,0,1056.0,3168.0,288.0,156.0,900.0,3049,75.9,176.0
car,252,0,1,1,1,1,1,0.5,1,0,0,0,576.0,1728.0,72.0,0.0,828.0,526,75.9,96.0
car,420,1,1,1,1,1,1,1.0,1,0,0,1,1200.0,3600.0,72.0,300.0,900.0,3415,75.9,200.0
car,0,0,1,1,1,1,1,0.5,1,0,0,0,0.0,0.0,36.0,0.0,0.0,1144,75.9,0.0
car,216,0,1,1,1,1,0,0.5,1,1,0,0,552.0,1656.0,216.0,0.0,756.0,333,75.9,92.0
public_transport,1062,1,0,1,0,1,1,0.0,0,1,0,1,1584.0,4752.0,144.0,684.0,900.0,1924,75.9,264.0
cycle,0,1,0,1,1,1,1,0.0,0,0,0,0,0.0,0.0,288.0,0.0,0.0,1217,75.9,0.0
car,972,1,1,1,1,1,1,1.0,1,1,0,0,936.0,2808.0,288.0,36.0,900.0,3740,75.9,156.0
car,426,1,1,1,1,1,1,1.0,1,0,0,0,696.0,2088.0,216.0,0.0,900.0,2229,75.9,466.0
car,516,1,1,1,1,1,0,1.0,1,1,0,0,768.0,2304.0,216.0,0.0,900.0,2221,75.9,828.0
cycle,246,1,1,1,1,1,1,1.0,1,0,0,1,408.0,1224.0,216.0,0.0,324.0,1113,75.9,68.0
cycle,288,1,1,1,1,1,1,0.5,1,0,0,0,624.0,1872.0,108.0,0.0,900.0,2234,75.9,104.0
car,390,1,1,1,1,1,1,1.0,1,0,0,0,672.0,2016.0,108.0,0.0,900.0,2125,75.9,287.0
cycle,252,0,0,1,1,1,0,0.0,0,1,0,1,576.0,1728.0,288.0,0.0,828.0,526,75.9,96.0
walk,0,0,1,1,1,1,1,0.5,1,0,0,0,0.0,0.0,216.0,0.0,0.0,1144,75.9,0.0
walk,0,0,1,1,1,1,0,0.5,1,1,0,0,0.0,0.0,216.0,0.0,0.0,1144,75.9,0.0
car,288,1,1,1,1,1,1,1.0,1,0,0,1,624.0,1872.0,36.0,0.0,900.0,2234,75.9,104.0
cycle,462,1,0,1,1,1,0,1.0,1,1,0,1,648.0,1944.0,36.0,0.0,900.0,1113,75.9,108.0
car,390,1,1,1,1,1,1,1.0,1,0,0,1,672.0,2016.0,108.0,0.0,900.0,1359,75.9,112.0
passenger,342,1,0,1,1,1,0,1.0,1,1,0,0,720.0,2160.0,108.0,0.0,900.0,2502,75.9,295.0
car,504,1,1,1,1,1,1,1.0,1,1,0,0,768.0,2304.0,72.0,0.0,900.0,2061,75.9,478.0
car,402,1,1,1,1,1,0,1.0,1,1,0,0,576.0,1728.0,72.0,0.0,828.0,1397,75.9,446.0
car,570,1,1,1,1,1,1,0.6666666666666666,1,0,0,0,1032.0,3096.0,288.0,132.0,900.0,3079,75.9,172.0
passenger,366,1,1,1,1,1,0,0.6666666666666666,1,1,0,0,696.0,2088.0,288.0,0.0,900.0,2478,75.9,116.0
car,456,1,1,1,1,1,0,0.6666666666666666,1,1,1,0,960.0,2880.0,288.0,60.0,900.0,1660,75.9,160.0
cycle,444,1,1,1,1,1,1,0.5,1,0,0,0,648.0,1944.0,360.0,0.0,900.0,1548,75.9,808.0
car,426,1,1,1,1,1,1,1.0,1,0,0,0,624.0,1872.0,72.0,0.0,900.0,2612,75.9,454.0
passenger,282,1,0,1,1,1,0,1.0,1,0,0,0,456.0,1368.0,72.0,0.0,468.0,1709,75.9,76.0
walk,174,0,0,1,1,1,0,1.0,1,1,0,0,288.0,864.0,144.0,0.0,0.0,650,75.9,48.0
walk,0,0,1,1,1,1,1,1.0,1,0,0,0,0.0,0.0,108.0,0.0,0.0,650,75.9,0.0
public_transport,444,1,1,1,1,1,1,0.5,1,0,0,0,648.0,1944.0,216.0,0.0,900.0,1548,75.9,808.0
car,264,1,1,1,1,1,1,0.5,1,0,0,0,576.0,1728.0,72.0,0.0,828.0,1950,75.9,96.0
car,402,1,1,1,1,1,1,0.5,1,0,0,0,576.0,1728.0,144.0,0.0,828.0,1207,75.9,446.0
car,198,1,1,1,1,1,1,1.0,1,0,0,0,336.0,1008.0,108.0,0.0,108.0,1389,75.9,56.0
car,192,1,1,1,1,1,0,1.0,1,1,0,0,312.0,936.0,108.0,0.0,36.0,1117,75.9,52.0
car,324,1,1,1,1,1,1,1.0,1,0,0,0,480.0,1440.0,108.0,0.0,540.0,1606,75.9,80.0
public_transport,372,1,0,1,1,1,1,0.0,0,1,0,0,672.0,2016.0,36.0,0.0,900.0,2876,75.9,112.0
cycle,162,0,0,1,1,1,1,0.0,0,0,0,1,360.0,1080.0,72.0,0.0,180.0,322,75.9,60.0
cycle,252,1,1,1,1,1,1,1.0,1,0,0,1,576.0,1728.0,72.0,0.0,828.0,2512,75.9,96.0
public_transport,1218,1,0,1,1,1,0,1.0,1,1,0,0,912.0,2736.0,72.0,12.0,900.0,3049,75.9,152.0
passenger,420,1,0,1,1,1,1,0.0,0,1,0,0,840.0,2520.0,108.0,0.0,900.0,2645,75.9,140.0
cycle,372,1,0,1,1,1,1,0.0,0,0,0,1,672.0,2016.0,288.0,0.0,900.0,2876,75.9,112.0
public_transport,330,1,0,1,1,1,0,0.0,0,1,0,0,624.0,1872.0,288.0,0.0,900.0,2623,75.9,454.0
cycle,156,1,0,1,1,1,1,0.0,0,0,0,1,312.0,936.0,108.0,0.0,36.0,1246,75.9,52.0
public_transport,330,1,0,1,1,1,0,0.0,0,1,0,0,528.0,1584.0,108.0,0.0,684.0,2036,75.9,788.0
car,234,1,1,1,1,1,1,1.0,1,0,0,0,528.0,1584.0,108.0,0.0,684.0,2042,75.9,88.0
walk,114,1,1,1,1,1,0,1.0,1,1,0,0,312.0,936.0,108.0,0.0,36.0,1486,75.9,52.0
car,366,1,1,1,1,1,1,1.0,1,0,0,0,672.0,2016.0,180.0,0.0,900.0,1690,75.9,462.0
car,534,1,1,1,1,1,0,1.0,1,1,0,0,1248.0,3744.0,180.0,348.0,900.0,3370,75.9,208.0
car,444,1,1,1,1,1,1,1.0,1,0,0,0,816.0,2448.0,108.0,0.0,900.0,2441,75.9,486.0
walk,132,1,1,1,1,1,0,0.5,1,1,0,0,360.0,1080.0,144.0,0.0,180.0,1054,75.9,60.0
car,408,1,1,1,1,1,1,1.0,1,0,0,1,864.0,2592.0,36.0,0.0,900.0,1632,75.9,144.0
public_transport,642,1,0,1,1,1,0,1.0,1,1,0,0,1320.0,3960.0,36.0,420.0,900.0,3391,75.9,220.0
car,144,1,1,1,1,1,1,0.3333333333333333,1,0,0,0,360.0,1080.0,72.0,0.0,180.0,941,75.9,60.0
car,300,1,1,1,1,1,1,0.5,1,0,0,0,744.0,2232.0,144.0,0.0,900.0,1813,75.9,124.0
passenger,420,1,1,1,1,1,0,0.5,1,1,0,0,768.0,2304.0,144.0,0.0,900.0,1591,75.9,478.0
car,1032,1,1,1,0,1,1,0.6666666666666666,1,0,0,1,1608.0,4824.0,72.0,708.0,900.0,3033,75.9,268.0
car,360,0,1,1,1,1,0,0.6666666666666666,1,1,0,1,960.0,2880.0,72.0,60.0,900.0,555,75.9,160.0
car,504,1,1,1,1,1,1,1.0,1,1,0,0,1176.0,3528.0,36.0,276.0,900.0,2869,75.9,196.0
car,678,1,1,1,0,1,1,1.0,1,0,0,0,1920.0,5760.0,72.0,900.0,900.0,5057,75.9,320.0
walk,0,0,1,1,1,1,1,0.5,1,0,0,0,0.0,0.0,72.0,0.0,0.0,645,75.9,0.0
cycle,444,1,1,1,1,1,1,1.0,1,0,0,0,648.0,1944.0,72.0,0.0,900.0,1760,75.9,808.0
car,1374,1,1,1,1,1,0,1.0,1,1,0,0,1080.0,3240.0,72.0,180.0,900.0,2937,75.9,180.0
car,264,1,1,1,1,1,1,0.6666666666666666,1,0,0,0,576.0,1728.0,72.0,0.0,828.0,1722,75.9,96.0
passenger,258,1,1,1,1,1,0,0.6666666666666666,1,1,0,0,456.0,1368.0,72.0,0.0,468.0,1961,75.9,76.0
car,504,1,1,1,1,1,0,0.6666666666666666,1,1,0,0,768.0,2304.0,72.0,0.0,900.0,1919,75.9,478.0
public_transport,504,1,1,1,1,1,1,0.5,1,0,0,1,1176.0,3528.0,72.0,276.0,900.0,3462,75.9,196.0
public_transport,480,1,1,1,1,1,0,0.5,1,1,0,0,1200.0,3600.0,72.0,300.0,900.0,2869,75.9,200.0
walk,0,0,1,1,1,1,1,1.0,1,0,0,0,0.0,0.0,72.0,0.0,0.0,645,75.9,0.0
car,234,1,1,1,1,1,0,1.0,1,1,0,0,720.0,2160.0,72.0,0.0,900.0,3036,75.9,120.0
cycle,396,1,0,1,1,1,1,0.0,0,0,0,1,696.0,2088.0,72.0,0.0,900.0,2634,75.9,466.0
car,480,1,1,1,1,1,1,0.5,1,0,0,1,1056.0,3168.0,72.0,156.0,900.0,3363,75.9,176.0
walk,0,0,0,1,1,1,0,0.5,1,1,0,0,0.0,0.0,72.0,0.0,0.0,645,75.9,0.0
public_transport,480,1,0,1,1,1,0,1.0,1,1,0,0,1200.0,3600.0,72.0,300.0,900.0,2869,75.9,200.0
car,276,1,1,1,1,1,1,1.0,1,1,0,0,672.0,2016.0,72.0,0.0,900.0,2234,75.9,112.0
car,618,1,1,1,1,1,1,1.0,1,1,0,0,1344.0,4032.0,72.0,444.0,900.0,2869,75.9,224.0
walk,126,1,0,1,1,1,1,0.0,0,0,0,0,264.0,792.0,108.0,0.0,0.0,889,75.9,44.0
car,480,1,1,1,1,1,1,1.0,1,0,0,0,1056.0,3168.0,36.0,156.0,900.0,3363,75.9,176.0
walk,0,0,0,1,1,1,0,0.0,0,1,0,0,0.0,0.0,72.0,0.0,0.0,645,75.9,0.0
car,1080,1,1,1,0,1,1,1.0,1,1,0,1,1728.0,5184.0,72.0,828.0,900.0,2747,75.9,288.0
car,234,1,1,1,1,1,1,0.5,1,0,0,0,720.0,2160.0,72.0,0.0,900.0,3036,75.9,120.0
passenger,234,1,1,1,1,1,0,0.5,1,1,0,0,720.0,2160.0,72.0,0.0,900.0,3036,75.9,120.0
car,426,1,1,1,1,1,0,1.0,1,1,0,0,912.0,2736.0,72.0,12.0,900.0,2785,75.9,327.0
car,390,1,1,1,1,1,1,1.0,1,0,0,0,888.0,2664.0,36.0,0.0,900.0,2064,75.9,148.0
car,1368,1,1,1,1,1,0,1.0,1,1,0,0,1296.0,3888.0,36.0,396.0,900.0,2937,75.9,216.0
car,246,1,1,1,1,1,1,0.5,1,0,0,0,528.0,1584.0,72.0,0.0,684.0,1961,75.9,88.0
walk,0,0,1,1,1,1,0,0.5,1,1,0,0,0.0,0.0,72.0,0.0,0.0,645,75.9,0.0
car,276,1,1,1,1,1,1,1.0,1,1,0,0,672.0,2016.0,36.0,0.0,900.0,2234,75.9,112.0
car,1368,1,1,1,1,1,1,0.5,1,0,0,0,1296.0,3888.0,72.0,396.0,900.0,2937,75.9,216.0
public_transport,390,1,1,1,1,1,0,0.5,1,1,0,0,888.0,2664.0,72.0,0.0,900.0,2064,75.9,148.0
walk,132,0,1,1,1,1,1,1.0,1,0,0,0,264.0,792.0,36.0,0.0,0.0,242,75.9,44.0
public_transport,276,1,0,1,1,1,1,0.0,0,1,0,0,672.0,2016.0,36.0,0.0,900.0,2234,75.9,112.0
car,480,1,1,1,1,1,0,0.5,1,1,0,0,1200.0,3600.0,36.0,300.0,900.0,2869,75.9,200.0
public_transport,954,1,0,1,0,1,0,0.0,0,1,0,1,1488.0,4464.0,108.0,588.0,900.0,2743,75.9,248.0
walk,72,0,1,1,1,1,1,0.5,1,1,0,0,120.0,360.0,72.0,0.0,0.0,201,75.9,20.0
car,204,1,1,1,1,1,0,0.5,1,1,0,0,528.0,1584.0,72.0,0.0,684.0,1374,75.9,88.0
car,408,1,1,1,1,1,1,1.0,1,1,0,0,864.0,2592.0,72.0,0.0,900.0,1632,75.9,144.0
car,1392,1,1,1,1,1,1,1.0,1,0,0,0,1368.0,4104.0,108.0,468.0,900.0,3459,75.9,228.0
car,168,1,1,1,1,1,0,1.0,1,1,0,0,432.0,1296.0,108.0,0.0,396.0,1438,75.9,72.0
public_transport,132,1,0,1,1,1,0,0.0,0,1,0,0,360.0,1080.0,108.0,0.0,180.0,1054,75.9,60.0
public_transport,462,1,0,1,1,1,0,0.0,0,1,0,0,792.0,2376.0,108.0,0.0,900.0,2125,75.9,832.0
walk,168,1,1,1,1,1,1,1.0,1,1,0,0,432.0,1296.0,108.0,0.0,396.0,1438,75.9,72.0
car,246,1,1,1,1,1,1,1.0,1,0,0,1,696.0,2088.0,108.0,0.0,900.0,1620,75.9,116.0
public_transport,264,1,0,1,1,1,0,1.0,1,1,0,0,528.0,1584.0,108.0,0.0,684.0,1628,75.9,88.0
walk,132,1,1,1,1,1,1,0.5,1,0,0,0,360.0,1080.0,108.0,0.0,180.0,1054,75.9,60.0
walk,0,0,1,1,1,1,0,0.5,1,1,0,0,0.0,0.0,108.0,0.0,0.0,822,75.9,0.0
cycle,552,1,1,1,1,1,1,0.5,1,0,0,0,984.0,2952.0,108.0,84.0,900.0,2001,75.9,514.0
car,258,1,1,1,1,1,1,1.0,1,0,0,1,648.0,1944.0,108.0,0.0,900.0,1480,75.9,108.0
passenger,204,1,1,1,1,1,0,0.5,1,1,0,0,576.0,1728.0,36.0,0.0,828.0,944,75.9,96.0
public_transport,336,1,0,1,1,1,0,1.0,1,1,0,0,648.0,1944.0,36.0,0.0,900.0,1421,75.9,108.0
car,912,1,1,1,0,1,0,1.0,1,0,0,0,2352.0,7056.0,36.0,900.0,900.0,5639,75.9,392.0
car,966,1,1,1,1,1,1,1.0,1,0,0,1,1392.0,4176.0,36.0,492.0,900.0,2653,75.9,232.0
car,438,1,1,1,1,1,1,1.0,1,0,0,0,1200.0,3600.0,36.0,300.0,900.0,3945,75.9,200.0
public_transport,792,1,0,1,0,1,1,0.0,0,0,0,1,2568.0,7704.0,36.0,900.0,900.0,7453,75.9,428.0
car,552,1,1,1,1,1,1,0.5,1,0,0,0,1176.0,3528.0,36.0,276.0,900.0,2185,75.9,896.0
car,240,1,1,1,1,1,1,1.0,1,0,0,1,672.0,2016.0,144.0,0.0,900.0,1480,75.9,112.0
cycle,942,1,1,1,0,1,0,0.5,1,0,0,1,2448.0,7344.0,144.0,900.0,900.0,5639,75.9,408.0
public_transport,372,1,1,1,1,1,0,0.5,1,0,0,1,912.0,2736.0,144.0,12.0,900.0,2752,75.9,152.0
car,414,1,1,1,1,1,1,1.0,1,0,0,1,1152.0,3456.0,180.0,252.0,900.0,2610,75.9,367.0
passenger,414,1,0,1,1,1,0,1.0,1,1,0,1,1152.0,3456.0,180.0,252.0,900.0,2610,75.9,367.0
car,186,1,1,1,1,1,1,1.0,1,0,0,0,480.0,1440.0,36.0,0.0,540.0,2267,75.9,80.0
car,144,1,1,1,1,1,1,0.5,1,0,0,0,336.0,1008.0,180.0,0.0,108.0,1286,75.9,56.0
walk,0,0,1,1,1,1,0,0.5,1,1,0,0,0.0,0.0,180.0,0.0,0.0,249,75.9,0.0
car,582,1,1,1,0,1,1,0.5,1,0,0,0,1944.0,5832.0,36.0,900.0,900.0,4987,75.9,324.0
walk,102,1,1,1,1,1,0,0.5,1,1,0,0,264.0,792.0,36.0,0.0,0.0,944,75.9,44.0
car,486,1,1,1,1,1,1,1.0,1,0,0,1,1368.0,4104.0,144.0,468.0,900.0,3683,75.9,228.0
car,552,1,1,1,1,1,1,1.0,1,0,0,0,984.0,2952.0,36.0,84.0,900.0,2198,75.9,689.0
car,714,1,1,1,0,1,1,0.5,1,0,0,0,1608.0,4824.0,144.0,708.0,900.0,3451,75.9,268.0
passenger,714,1,1,1,0,1,0,0.5,1,1,0,0,1608.0,4824.0,144.0,708.0,900.0,3451,75.9,268.0
cycle,492,1,1,1,1,1,1,1.0,1,0,0,0,1056.0,3168.0,144.0,156.0,900.0,2001,75.9,526.0
car,534,1,1,1,1,1,0,1.0,1,1,0,0,1080.0,3240.0,36.0,180.0,900.0,2342,75.9,880.0
car,1092,1,1,1,1,1,1,1.0,1,0,0,0,1392.0,4176.0,72.0,492.0,900.0,4199,75.9,232.0
car,558,1,1,1,0,1,1,1.0,1,0,0,1,2040.0,6120.0,72.0,900.0,900.0,4058,75.9,340.0
public_transport,630,1,0,1,1,1,0,1.0,1,1,0,0,1224.0,3672.0,72.0,324.0,900.0,3182,75.9,204.0
car,258,1,1,1,1,1,1,1.0,1,0,0,1,648.0,1944.0,36.0,0.0,900.0,1480,75.9,108.0
public_transport,192,1,0,1,1,1,0,1.0,1,1,0,1,552.0,1656.0,36.0,0.0,756.0,1366,75.9,92.0
public_transport,432,1,1,1,1,1,1,0.5,1,0,0,1,960.0,2880.0,36.0,60.0,900.0,2757,75.9,160.0
car,204,1,1,1,1,1,0,0.5,1,1,0,0,504.0,1512.0,36.0,0.0,612.0,944,75.9,84.0
car,258,1,1,1,1,1,1,1.0,1,0,0,0,648.0,1944.0,72.0,0.0,900.0,1480,75.9,108.0
car,336,1,1,1,1,1,1,1.0,1,0,0,0,648.0,1944.0,108.0,0.0,900.0,1421,75.9,108.0
walk,174,1,1,1,1,1,1,0.6666666666666666,1,0,0,1,480.0,1440.0,72.0,0.0,540.0,1245,75.9,80.0
car,174,1,1,1,1,1,0,0.6666666666666666,1,0,0,1,480.0,1440.0,72.0,0.0,540.0,818,75.9,80.0
public_transport,702,1,0,1,1,1,0,1.0,1,0,1,1,1344.0,4032.0,108.0,444.0,900.0,4009,75.9,224.0
car,1302,1,1,1,1,1,1,1.0,1,0,1,0,912.0,2736.0,36.0,12.0,900.0,1771,75.9,152.0
car,228,1,1,1,1,1,1,1.0,1,1,1,0,408.0,1224.0,72.0,0.0,324.0,1249,75.9,68.0
car,1134,1,1,1,1,1,1,1.0,1,0,1,1,864.0,2592.0,36.0,0.0,900.0,2062,75.9,144.0
car,240,1,1,1,1,1,1,0.5,1,0,0,0,720.0,2160.0,108.0,0.0,900.0,2817,75.9,120.0
public_transport,354,1,1,1,1,1,0,0.5,1,1,0,0,840.0,2520.0,108.0,0.0,900.0,2451,75.9,490.0
car,264,1,1,1,1,1,1,0.5,1,0,0,0,840.0,2520.0,108.0,0.0,900.0,3171,75.9,140.0
car,534,1,1,1,1,1,1,1.0,1,0,0,0,1296.0,3888.0,108.0,396.0,900.0,3691,75.9,216.0
car,300,1,1,1,1,1,0,1.0,1,1,0,0,936.0,2808.0,108.0,36.0,900.0,2148,75.9,156.0
public_transport,366,1,1,1,1,1,0,0.5,1,1,0,0,864.0,2592.0,72.0,0.0,900.0,2350,75.9,844.0
car,1260,1,1,1,1,1,0,1.0,1,1,0,0,1224.0,3672.0,108.0,324.0,900.0,3824,75.9,204.0
walk,108,1,1,1,1,1,1,0.5,1,0,0,0,288.0,864.0,72.0,0.0,0.0,2268,75.9,48.0
cycle,768,1,1,1,0,1,1,0.5,1,0,0,0,1584.0,4752.0,180.0,684.0,900.0,3953,75.9,264.0
car,702,1,1,1,0,1,1,0.5,1,0,0,0,1896.0,5688.0,180.0,900.0,900.0,4896,75.9,316.0
car,888,1,1,1,0,1,1,1.0,1,0,0,0,2184.0,6552.0,180.0,900.0,900.0,4655,75.9,364.0
car,666,1,1,1,0,1,0,1.0,1,1,0,0,1512.0,4536.0,180.0,612.0,900.0,3375,75.9,427.0
car,606,1,1,1,1,1,1,0.5,1,0,0,0,1392.0,4176.0,180.0,492.0,900.0,3868,75.9,232.0
car,888,1,1,1,0,1,0,0.5,1,1,0,0,2184.0,6552.0,180.0,900.0,900.0,4655,75.9,364.0
car,408,1,1,1,1,1,1,1.0,1,0,0,0,1128.0,3384.0,108.0,228.0,900.0,3848,75.9,188.0
walk,150,0,1,1,1,1,0,1.0,1,1,0,0,408.0,1224.0,108.0,0.0,324.0,853,75.9,68.0
car,108,1,1,1,1,1,1,1.0,1,0,0,0,288.0,864.0,36.0,0.0,0.0,2268,75.9,48.0
car,732,1,1,1,0,1,0,1.0,1,1,0,0,1704.0,5112.0,36.0,804.0,900.0,3626,75.9,284.0
walk,198,0,0,1,1,1,0,1.0,1,1,0,0,216.0,648.0,180.0,0.0,0.0,853,75.9,36.0
car,588,1,1,1,1,1,1,0.5,1,0,0,0,1392.0,4176.0,180.0,492.0,900.0,3848,75.9,232.0
passenger,558,1,1,1,1,1,0,0.5,1,1,0,0,1320.0,3960.0,180.0,420.0,900.0,4121,75.9,220.0
cycle,378,1,0,1,1,1,1,0.0,0,0,0,0,1080.0,3240.0,180.0,180.0,900.0,2148,75.9,180.0
public_transport,570,1,0,1,1,1,0,0.0,0,1,0,0,1296.0,3888.0,180.0,396.0,900.0,4121,75.9,216.0
car,888,1,1,1,0,1,1,0.5,1,0,0,0,2184.0,6552.0,216.0,900.0,900.0,4327,75.9,364.0
passenger,648,1,1,1,1,1,0,1.0,1,1,0,0,1320.0,3960.0,288.0,420.0,900.0,3135,75.9,570.0
car,1440,1,1,1,0,1,1,0.5,1,0,0,0,1488.0,4464.0,288.0,588.0,900.0,3969,75.9,248.0
car,222,1,1,1,1,1,0,0.5,1,1,0,1,648.0,1944.0,144.0,0.0,900.0,2907,75.9,108.0
cycle,240,1,1,1,1,1,1,0.5,1,0,0,0,672.0,2016.0,144.0,0.0,900.0,1729,75.9,112.0
public_transport,492,1,1,1,1,1,0,0.5,1,1,0,0,1056.0,3168.0,144.0,156.0,900.0,2623,75.9,876.0
car,486,1,1,1,1,1,1,1.0,1,0,0,0,1152.0,3456.0,144.0,252.0,900.0,3084,75.9,192.0
passenger,486,1,0,1,1,1,0,1.0,1,1,0,0,1152.0,3456.0,144.0,252.0,900.0,3084,75.9,192.0
car,1464,1,1,1,0,1,1,0.5,1,0,0,1,1632.0,4896.0,72.0,732.0,900.0,3519,75.9,272.0
public_transport,492,1,1,1,1,1,0,0.5,1,1,0,0,1056.0,3168.0,72.0,156.0,900.0,2198,75.9,701.0
passenger,240,1,0,1,1,1,0,1.0,1,1,0,0,672.0,2016.0,144.0,0.0,900.0,1936,75.9,112.0
car,486,1,1,1,1,1,0,1.0,1,1,0,0,1368.0,4104.0,144.0,468.0,900.0,4121,75.9,228.0
cycle,696,1,1,1,1,1,1,0.5,1,0,0,0,1416.0,4248.0,1224.0,516.0,900.0,3561,75.9,586.0
car,720,1,1,1,1,1,1,0.5,1,0,0,0,1392.0,4176.0,180.0,492.0,900.0,2791,75.9,932.0
passenger,786,1,1,1,0,1,1,0.5,1,0,0,0,2184.0,6552.0,108.0,900.0,900.0,4736,75.9,364.0
car,780,1,1,1,0,1,0,0.5,1,1,0,0,1800.0,5400.0,108.0,900.0,900.0,3900,75.9,300.0
public_transport,528,1,1,1,1,1,0,0.6666666666666666,1,1,0,0,1272.0,3816.0,108.0,372.0,900.0,3109,75.9,212.0
public_transport,528,1,1,1,1,1,0,0.6666666666666666,1,1,0,0,1272.0,3816.0,108.0,372.0,900.0,3109,75.9,212.0
cycle,552,1,1,1,1,1,1,0.5,1,0,0,1,1344.0,4032.0,180.0,444.0,900.0,4394,75.9,224.0
car,402,1,1,1,1,1,0,0.5,1,1,0,1,1056.0,3168.0,180.0,156.0,900.0,2838,75.9,351.0
car,762,1,1,1,0,1,1,1.0,1,0,0,0,1992.0,5976.0,144.0,900.0,900.0,4303,75.9,332.0
walk,0,0,0,1,1,1,0,1.0,1,1,0,0,0.0,0.0,144.0,0.0,0.0,497,75.9,0.0
car,732,1,1,1,0,1,1,1.0,1,0,0,0,1824.0,5472.0,72.0,900.0,900.0,3509,75.9,304.0
car,942,1,1,1,0,1,0,1.0,1,1,0,1,2808.0,8424.0,72.0,900.0,900.0,7116,75.9,468.0
walk,162,1,1,1,1,1,1,0.5,1,0,0,0,312.0,936.0,72.0,0.0,36.0,1158,75.9,52.0
car,252,1,1,1,1,1,1,1.0,1,1,0,0,576.0,1728.0,72.0,0.0,828.0,2284,75.9,96.0
cycle,150,1,0,1,1,1,1,0.0,0,1,0,0,408.0,1224.0,288.0,0.0,324.0,2146,75.9,68.0
walk,0,1,1,1,1,1,0,0.5,1,1,0,0,0.0,0.0,72.0,0.0,0.0,889,75.9,0.0
car,1260,1,1,1,0,1,1,0.5,1,0,0,0,2208.0,6624.0,36.0,900.0,900.0,3629,75.9,368.0
walk,0,0,1,1,1,1,0,0.5,1,1,0,0,0.0,0.0,36.0,0.0,0.0,645,75.9,0.0
car,240,1,1,1,1,1,0,0.5,1,1,0,0,744.0,2232.0,36.0,0.0,900.0,2450,75.9,124.0
car,294,1,1,1,1,1,1,1.0,1,0,0,0,552.0,1656.0,36.0,0.0,756.0,1106,75.9,92.0
passenger,204,1,0,1,1,1,0,1.0,1,1,0,0,528.0,1584.0,36.0,0.0,684.0,1374,75.9,88.0
cycle,354,0,1,1,1,1,1,0.5,1,0,0,0,864.0,2592.0,72.0,0.0,900.0,555,75.9,144.0
cycle,168,1,1,1,1,1,1,0.5,1,0,0,0,432.0,1296.0,72.0,0.0,396.0,1912,75.9,72.0
public_transport,168,1,1,1,1,1,1,1.0,1,0,0,1,432.0,1296.0,72.0,0.0,396.0,1912,75.9,72.0
car,150,1,1,1,1,1,1,1.0,1,0,0,0,408.0,1224.0,180.0,0.0,324.0,1158,75.9,68.0
car,510,1,1,1,1,1,1,0.5,1,0,0,0,1320.0,3960.0,252.0,420.0,900.0,4007,75.9,220.0
car,1320,1,1,1,1,1,1,1.0,1,0,0,0,1176.0,3528.0,252.0,276.0,900.0,3779,75.9,196.0
car,1320,1,1,1,1,1,1,1.0,1,0,0,0,1176.0,3528.0,288.0,276.0,900.0,3779,75.9,196.0
car,1320,1,1,1,1,1,0,1.0,1,1,0,0,1176.0,3528.0,288.0,276.0,900.0,3779,75.9,196.0
walk,390,1,1,1,1,1,1,0.5,1,0,0,0,888.0,2664.0,216.0,0.0,900.0,2236,75.9,148.0
car,528,1,1,1,1,1,1,1.0,1,0,0,0,1080.0,3240.0,288.0,180.0,900.0,3101,75.9,180.0
car,444,1,1,1,1,1,0,1.0,1,1,0,0,1008.0,3024.0,288.0,108.0,900.0,2500,75.9,168.0
car,372,1,1,1,1,1,1,1.0,1,0,0,1,1104.0,3312.0,216.0,204.0,900.0,2081,75.9,184.0
public_transport,462,1,0,1,1,1,0,1.0,1,1,0,0,936.0,2808.0,216.0,36.0,900.0,3442,75.9,156.0
car,270,1,1,1,1,1,1,1.0,1,0,0,1,696.0,2088.0,144.0,0.0,900.0,1616,75.9,116.0
walk,354,0,1,1,1,1,1,1.0,1,0,0,0,864.0,2592.0,252.0,0.0,900.0,313,75.9,144.0
car,372,1,1,1,1,1,1,0.5,1,0,0,0,1104.0,3312.0,108.0,204.0,900.0,2031,75.9,184.0
car,264,1,1,1,1,1,0,1.0,1,1,0,0,648.0,1944.0,36.0,0.0,900.0,1188,75.9,108.0
cycle,204,1,1,1,1,1,1,0.5,1,0,0,0,528.0,1584.0,72.0,0.0,684.0,1374,75.9,88.0
car,1368,1,1,1,1,1,1,1.0,1,1,0,0,1296.0,3888.0,36.0,396.0,900.0,2792,75.9,216.0
car,144,1,1,1,1,1,1,1.0,1,0,0,0,360.0,1080.0,72.0,0.0,180.0,916,75.9,60.0
passenger,330,1,0,1,1,1,0,1.0,1,1,0,0,552.0,1656.0,72.0,0.0,756.0,2165,75.9,92.0
walk,114,0,1,1,1,1,1,0.5,1,0,0,0,264.0,792.0,144.0,0.0,0.0,645,75.9,44.0
car,228,1,1,1,1,1,1,1.0,1,0,0,0,552.0,1656.0,216.0,0.0,756.0,2234,75.9,92.0
car,816,1,1,1,1,1,0,1.0,1,1,0,0,768.0,2304.0,216.0,0.0,900.0,2848,75.9,128.0
car,276,1,1,1,1,1,1,1.0,1,0,0,0,456.0,1368.0,36.0,0.0,468.0,1961,75.9,76.0
car,564,1,1,1,1,1,1,1.0,1,0,0,0,936.0,2808.0,72.0,36.0,900.0,2863,75.9,156.0
car,564,1,1,1,1,1,1,1.0,1,0,0,0,936.0,2808.0,36.0,36.0,900.0,2792,75.9,156.0
car,576,1,1,1,0,1,0,1.0,1,1,0,0,1464.0,4392.0,36.0,564.0,900.0,3705,75.9,244.0
car,174,1,1,1,1,1,1,1.0,1,0,0,0,288.0,864.0,36.0,0.0,0.0,916,75.9,48.0
walk,192,1,0,1,1,1,0,1.0,1,1,0,0,312.0,936.0,36.0,0.0,36.0,889,75.9,52.0
walk,198,1,1,1,1,1,1,1.0,1,1,0,0,552.0,1656.0,360.0,0.0,756.0,984,75.9,92.0
car,390,1,1,1,1,1,1,0.5,1,0,0,0,696.0,2088.0,216.0,0.0,900.0,2602,75.9,816.0
public_transport,390,1,1,1,1,1,0,0.5,1,1,0,0,696.0,2088.0,216.0,0.0,900.0,2602,75.9,816.0
public_transport,390,1,0,1,1,1,1,0.0,0,0,0,0,696.0,2088.0,288.0,0.0,900.0,1760,75.9,816.0
walk,186,1,0,1,1,1,0,0.0,0,1,0,0,528.0,1584.0,288.0,0.0,684.0,916,75.9,88.0
